Time,Method,Row,Identifier 1,Identifier 2,Comment,Preparation,Component,Peak Nr.,Rt,Width,Ampl. 44,Area 44,Ampl. 45,Area 45,BGD 44,BGD 45,Area All,Is Ref.?,d 13C/12C,rd 45CO2/44CO2,rR 45CO2/44CO2
20:13:07,CO2 60m 6C_ramp 1.4 mL Flow Standards,4,ACAL2,standard_control_drift,,3.5,Ref 1,1,39.5,13.4,4976,52.337,5883,0.619,0.4,-0.0,53.176,0,-10.290,0.076,1.1823846
20:13:07,CO2 60m 6C_ramp 1.4 mL Flow Standards,4,ACAL2,standard_control_drift,,3.5,Ref 2,2,81.3,13.4,4973,52.268,5880,0.618,0.4,-0.1,53.106,0,-10.334,0.036,1.1823376
20:13:07,CO2 60m 6C_ramp 1.4 mL Flow Standards,4,ACAL2,standard_control_drift,,3.5,Ref 3,3,123.1,13.4,4976,52.315,5883,0.619,0.4,-0.1,53.154,1,-10.370,0.000,1.1822950
20:13:07,CO2 60m 6C_ramp 1.4 mL Flow Standards,4,ACAL2,standard_control_drift,,3.5,Ref 4,4,164.9,13.4,4975,52.390,5882,0.619,0.4,-0.1,53.229,0,-10.362,0.007,1.1823032
20:13:07,CO2 60m 6C_ramp 1.4 mL Flow Standards,4,ACAL2,standard_control_drift,,3.5,Ref 5,5,206.9,13.4,4973,52.329,5879,0.619,0.4,-0.1,53.168,0,-10.362,0.006,1.1823026
20:13:07,CO2 60m 6C_ramp 1.4 mL Flow Standards,4,ACAL2,standard_control_drift,,3.5,C23 Alkane,6,1521.1,9.4,5714,15.309,6554,0.177,32.7,38.0,15.550,0,-32.335,-21.241,1.1571822
20:13:07,CO2 60m 6C_ramp 1.4 mL Flow Standards,4,ACAL2,standard_control_drift,,3.5,C20 FAME,7,1543.9,9.2,4581,12.139,5382,0.144,53.9,62.4,12.333,0,-9.466,0.299,1.1826479
20:13:07,CO2 60m 6C_ramp 1.4 mL Flow Standards,4,ACAL2,standard_control_drift,,3.5,C25 Alkane,8,1682.0,9.8,5863,16.141,6770,0.188,60.4,69.8,16.396,0,-27.587,-16.769,1.1624691
20:13:07,CO2 60m 6C_ramp 1.4 mL Flow Standards,4,ACAL2,standard_control_drift,,3.5,C27 Alkane,9,1831.9,10.0,5894,16.758,6789,0.194,103.9,119.8,17.022,0,-29.595,-18.658,1.1602354
20:13:07,CO2 60m 6C_ramp 1.4 mL Flow Standards,4,ACAL2,standard_control_drift,,3.5,C29 Alkane,10,1971.7,10.2,6169,18.105,7118,0.210,186.6,214.6,18.389,0,-31.037,-20.018,1.1586275
20:13:07,CO2 60m 6C_ramp 1.4 mL Flow Standards,4,ACAL2,standard_control_drift,,3.5,C31 Alkane,11,2105.7,11.1,5864,18.414,6776,0.214,286.0,328.3,18.704,0,-28.573,-17.700,1.1613687
20:13:07,CO2 60m 6C_ramp 1.4 mL Flow Standards,4,ACAL2,standard_control_drift,,3.5,C30 FAME,12,2285.8,11.7,3930,14.740,4552,0.172,311.4,356.9,14.972,0,-25.569,-14.861,1.1647245
21:04:00,CO2 60m 6C_ramp 1.4 mL Flow Standards,5,ACAL2,standard_control_drift,,3.5,Ref 1,1,39.5,13.4,4985,52.409,5889,0.619,0.5,0.0,53.249,0,-10.330,0.039,1.1814258
21:04:00,CO2 60m 6C_ramp 1.4 mL Flow Standards,5,ACAL2,standard_control_drift,,3.5,Ref 2,2,81.3,13.4,4983,52.371,5887,0.619,0.4,-0.1,53.210,0,-10.402,-0.030,1.1813444
21:04:00,CO2 60m 6C_ramp 1.4 mL Flow Standards,5,ACAL2,standard_control_drift,,3.5,Ref 3,3,123.1,13.4,4985,52.332,5889,0.618,0.4,-0.1,53.170,1,-10.370,0.000,1.1813798
21:04:00,CO2 60m 6C_ramp 1.4 mL Flow Standards,5,ACAL2,standard_control_drift,,3.5,Ref 4,4,165.1,13.4,4985,52.485,5890,0.620,0.4,-0.1,53.325,0,-10.396,-0.026,1.1813496
21:04:00,CO2 60m 6C_ramp 1.4 mL Flow Standards,5,ACAL2,standard_control_drift,,3.5,Ref 5,5,206.9,13.4,4982,52.336,5886,0.618,0.4,-0.1,53.174,0,-10.358,0.012,1.1813936
21:04:00,CO2 60m 6C_ramp 1.4 mL Flow Standards,5,ACAL2,standard_control_drift,,3.5,C23 Alkane,6,1521.9,9.2,5363,14.072,6156,0.163,33.1,38.4,14.293,0,-32.309,-21.221,1.1563094
21:04:00,CO2 60m 6C_ramp 1.4 mL Flow Standards,5,ACAL2,standard_control_drift,,3.5,C20 FAME,7,1544.7,9.4,4227,11.234,4976,0.133,52.5,60.8,11.413,0,-9.645,0.129,1.1815326
21:04:00,CO2 60m 6C_ramp 1.4 mL Flow Standards,5,ACAL2,standard_control_drift,,3.5,C25 Alkane,8,1682.9,9.8,5431,14.813,6273,0.172,60.8,70.3,15.047,0,-27.631,-16.813,1.1615174
21:04:00,CO2 60m 6C_ramp 1.4 mL Flow Standards,5,ACAL2,standard_control_drift,,3.5,C27 Alkane,9,1832.7,9.8,5389,15.363,6206,0.178,104.9,120.8,15.604,0,-29.671,-18.739,1.1592415
21:04:00,CO2 60m 6C_ramp 1.4 mL Flow Standards,5,ACAL2,standard_control_drift,,3.5,C29 Alkane,10,1972.5,10.2,5716,16.632,6586,0.193,186.8,214.5,16.893,0,-31.074,-20.058,1.1576838
21:04:00,CO2 60m 6C_ramp 1.4 mL Flow Standards,5,ACAL2,standard_control_drift,,3.5,C31 Alkane,11,2106.5,10.9,5322,16.859,6155,0.196,285.4,327.4,17.124,0,-28.801,-17.916,1.1602139
21:04:00,CO2 60m 6C_ramp 1.4 mL Flow Standards,5,ACAL2,standard_control_drift,,3.5,C30 FAME,12,2286.5,11.5,3565,13.414,4131,0.156,311.4,356.5,13.626,0,-25.667,-14.957,1.1637100
21:54:50,CO2 60m 6C_ramp 1.4 mL Flow Standards,6,CAL,control,,3.5,Ref 1,1,39.5,13.4,4995,52.506,5905,0.621,0.4,0.0,53.348,0,-10.345,0.025,1.1821966
21:54:50,CO2 60m 6C_ramp 1.4 mL Flow Standards,6,CAL,control,,3.5,Ref 2,2,81.3,13.4,4992,52.541,5901,0.621,0.4,-0.1,53.384,0,-10.359,0.013,1.1821825
21:54:50,CO2 60m 6C_ramp 1.4 mL Flow Standards,6,CAL,control,,3.5,Ref 3,3,123.1,13.4,4994,52.449,5903,0.620,0.4,-0.0,53.290,1,-10.370,0.000,1.1821667
21:54:50,CO2 60m 6C_ramp 1.4 mL Flow Standards,6,CAL,control,,3.5,Ref 4,4,165.1,13.4,4993,52.618,5903,0.622,0.4,-0.1,53.462,0,-10.378,-0.005,1.1821608
21:54:50,CO2 60m 6C_ramp 1.4 mL Flow Standards,6,CAL,control,,3.5,Ref 5,5,206.9,13.4,4992,52.500,5901,0.621,0.4,-0.1,53.342,0,-10.362,0.011,1.1821798
21:54:50,CO2 60m 6C_ramp 1.4 mL Flow Standards,6,CAL,control,,3.5,C20 FAME,6,1543.9,9.4,3117,8.769,3670,0.104,35.7,41.4,8.909,0,-9.404,0.361,1.1825930
21:54:50,CO2 60m 6C_ramp 1.4 mL Flow Standards,6,CAL,control,,3.5,C24 FAME,7,1853.6,9.4,3438,9.795,3997,0.114,106.7,122.8,9.949,0,-25.702,-14.988,1.1644488
21:54:50,CO2 60m 6C_ramp 1.4 mL Flow Standards,6,CAL,control,,3.5,C31 Alkane,8,2105.3,9.6,3004,9.261,3477,0.108,273.5,313.9,9.407,0,-28.475,-17.612,1.1613461
21:54:50,CO2 60m 6C_ramp 1.4 mL Flow Standards,6,CAL,control,,3.5,C30 FAME,9,2285.6,10.9,2638,9.952,3058,0.116,305.7,350.3,10.109,0,-25.706,-14.991,1.1644451
22:45:39,CO2 60m 6C_ramp 1.4 mL Flow Standards,7,CAL,control,,3.5,Ref 1,1,39.5,13.2,4997,52.556,5908,0.621,0.5,0.0,53.399,0,-10.322,0.047,1.1823284
22:45:39,CO2 60m 6C_ramp 1.4 mL Flow Standards,7,CAL,control,,3.5,Ref 2,2,81.3,13.4,4996,52.559,5907,0.621,0.4,-0.1,53.401,0,-10.344,0.026,1.1823033
22:45:39,CO2 60m 6C_ramp 1.4 mL Flow Standards,7,CAL,control,,3.5,Ref 3,3,123.1,13.4,4996,52.487,5906,0.621,0.4,-0.1,53.328,1,-10.370,0.000,1.1822731
22:45:39,CO2 60m 6C_ramp 1.4 mL Flow Standards,7,CAL,control,,3.5,Ref 4,4,164.9,13.4,4994,52.532,5904,0.621,0.4,-0.0,53.375,0,-10.386,-0.016,1.1822544
22:45:39,CO2 60m 6C_ramp 1.4 mL Flow Standards,7,CAL,control,,3.5,Ref 5,5,206.9,13.4,4993,52.614,5903,0.622,0.4,-0.0,53.458,0,-10.356,0.013,1.1822884
22:45:39,CO2 60m 6C_ramp 1.4 mL Flow Standards,7,CAL,control,,3.5,C20 FAME,6,1544.9,9.4,3384,9.424,3989,0.111,31.4,36.4,9.575,0,-9.504,0.256,1.1825759
22:45:39,CO2 60m 6C_ramp 1.4 mL Flow Standards,7,CAL,control,,3.5,C24 FAME,7,1854.9,9.6,3705,10.611,4299,0.124,103.5,119.2,10.779,0,-25.626,-14.931,1.1646207
22:45:39,CO2 60m 6C_ramp 1.4 mL Flow Standards,7,CAL,control,,3.5,C31 Alkane,8,2106.3,9.6,3220,9.991,3727,0.116,274.2,314.6,10.148,0,-28.500,-17.633,1.1614264
22:45:39,CO2 60m 6C_ramp 1.4 mL Flow Standards,7,CAL,control,,3.5,C30 FAME,9,2286.7,11.3,2898,10.842,3360,0.126,304.0,348.2,11.013,0,-25.569,-14.872,1.1646905
23:46:57,CO2 60m 6C_ramp 1.4 mL Flow Alkane_Samples,8,VC-06,sample,,3.5,Ref 1,1,39.5,13.4,4994,52.565,5896,0.621,0.5,0.0,53.406,0,-10.330,0.040,1.1806526
23:46:57,CO2 60m 6C_ramp 1.4 mL Flow Alkane_Samples,8,VC-06,sample,,3.5,Ref 2,2,81.5,13.4,4992,52.616,5893,0.621,0.4,-0.0,53.458,0,-10.360,0.009,1.1806166
23:46:57,CO2 60m 6C_ramp 1.4 mL Flow Alkane_Samples,8,VC-06,sample,,3.5,Ref 3,3,123.1,13.4,4993,52.476,5894,0.620,0.4,-0.1,53.316,1,-10.370,0.000,1.1806057
23:46:57,CO2 60m 6C_ramp 1.4 mL Flow Alkane_Samples,8,VC-06,sample,,3.5,Ref 4,4,165.1,13.4,4993,52.593,5895,0.621,0.4,-0.0,53.435,0,-10.459,-0.087,1.1805027
23:46:57,CO2 60m 6C_ramp 1.4 mL Flow Alkane_Samples,8,VC-06,sample,,3.5,Ref 5,5,206.9,13.4,4991,52.450,5892,0.619,0.4,-0.0,53.290,0,-10.402,-0.032,1.1805677
23:46:57,CO2 60m 6C_ramp 1.4 mL Flow Alkane_Samples,8,VC-06,sample,,3.5,C25 Alkane,6,1677.6,9.4,4115,11.236,4733,0.130,65.4,75.5,11.412,0,-32.958,-21.869,1.1547869
23:46:57,CO2 60m 6C_ramp 1.4 mL Flow Alkane_Samples,8,VC-06,sample,,3.5,C27 Alkane,7,1829.4,8.6,2426,6.657,2792,0.077,112.7,129.7,6.761,0,-32.869,-21.776,1.1548966
23:46:57,CO2 60m 6C_ramp 1.4 mL Flow Alkane_Samples,8,VC-06,sample,,3.5,C29 Alkane,8,1970.2,6.9,581,1.610,669,0.019,206.6,237.1,1.635,0,-33.767,-22.624,1.1538962
23:46:57,CO2 60m 6C_ramp 1.4 mL Flow Alkane_Samples,8,VC-06,sample,,3.5,C31 Alkane,9,2105.3,10.2,4252,13.188,4880,0.152,287.6,329.6,13.394,0,-34.627,-23.431,1.1529432
23:46:57,CO2 60m 6C_ramp 1.4 mL Flow Alkane_Samples,8,VC-06,sample,,3.5,C33 Alkane,10,2255.7,11.3,3682,13.178,4233,0.152,326.6,373.9,13.385,0,-32.702,-21.615,1.1550864
00:48:14,CO2 60m 6C_ramp 1.4 mL Flow Alkane_Samples,9,VC-06,sample,,3.5,Ref 1,1,39.7,13.4,4987,52.515,5897,0.621,0.5,0.0,53.357,0,-10.294,0.073,1.1824366
00:48:14,CO2 60m 6C_ramp 1.4 mL Flow Alkane_Samples,9,VC-06,sample,,3.5,Ref 2,2,81.5,13.4,4988,52.479,5898,0.621,0.4,-0.0,53.321,0,-10.352,0.017,1.1823697
00:48:14,CO2 60m 6C_ramp 1.4 mL Flow Alkane_Samples,9,VC-06,sample,,3.5,Ref 3,3,123.1,13.4,4989,52.375,5897,0.619,0.4,-0.0,53.215,1,-10.370,0.000,1.1823499
00:48:14,CO2 60m 6C_ramp 1.4 mL Flow Alkane_Samples,9,VC-06,sample,,3.5,Ref 4,4,165.1,13.4,4987,52.540,5896,0.621,0.4,-0.0,53.382,0,-10.401,-0.030,1.1823143
00:48:14,CO2 60m 6C_ramp 1.4 mL Flow Alkane_Samples,9,VC-06,sample,,3.5,Ref 5,5,206.9,13.4,4988,52.415,5897,0.620,0.4,-0.0,53.255,0,-10.391,-0.021,1.1823256
00:48:14,CO2 60m 6C_ramp 1.4 mL Flow Alkane_Samples,9,VC-06,sample,,3.5,C25 Alkane,6,1677.9,9.6,4673,12.783,5382,0.148,65.7,75.9,12.983,0,-32.827,-21.732,1.1566548
00:48:14,CO2 60m 6C_ramp 1.4 mL Flow Alkane_Samples,9,VC-06,sample,,3.5,C27 Alkane,7,1829.6,8.8,2649,7.453,3052,0.086,114.2,131.7,7.570,0,-32.771,-21.672,1.1567260
00:48:14,CO2 60m 6C_ramp 1.4 mL Flow Alkane_Samples,9,VC-06,sample,,3.5,C29 Alkane,8,1970.2,7.1,654,1.886,755,0.022,194.0,223.2,1.915,0,-34.262,-23.058,1.1550868
00:48:14,CO2 60m 6C_ramp 1.4 mL Flow Alkane_Samples,9,VC-06,sample,,3.5,C31 Alkane,9,2105.5,10.4,4557,14.401,5235,0.166,292.8,336.1,14.627,0,-34.531,-23.335,1.1547596
00:48:14,CO2 60m 6C_ramp 1.4 mL Flow Alkane_Samples,9,VC-06,sample,,3.5,C33 Alkane,10,2255.9,11.3,3996,14.291,4599,0.165,330.3,378.7,14.516,0,-32.622,-21.535,1.1568881
01:49:32,CO2 60m 6C_ramp 1.4 mL Flow Alkane_Samples,10,VB-12,sample,,3.5,Ref 1,1,39.5,13.4,4983,52.480,5891,0.621,0.5,0.1,53.321,0,-10.248,0.118,1.1824232
01:49:32,CO2 60m 6C_ramp 1.4 mL Flow Alkane_Samples,10,VB-12,sample,,3.5,Ref 2,2,81.3,13.4,4979,52.305,5887,0.618,0.4,-0.0,53.144,0,-10.315,0.054,1.1823475
01:49:32,CO2 60m 6C_ramp 1.4 mL Flow Alkane_Samples,10,VB-12,sample,,3.5,Ref 3,3,123.3,13.4,4979,52.451,5887,0.620,0.4,-0.0,53.292,1,-10.370,0.000,1.1822835
01:49:32,CO2 60m 6C_ramp 1.4 mL Flow Alkane_Samples,10,VB-12,sample,,3.5,Ref 4,4,164.9,13.4,4982,52.317,5890,0.619,0.4,-0.0,53.156,0,-10.342,0.028,1.1823166
01:49:32,CO2 60m 6C_ramp 1.4 mL Flow Alkane_Samples,10,VB-12,sample,,3.5,Ref 5,5,206.9,13.4,4982,52.335,5891,0.619,0.4,0.0,53.174,0,-10.368,0.001,1.1822852
01:49:32,CO2 60m 6C_ramp 1.4 mL Flow Alkane_Samples,10,VB-12,sample,,3.5,C25 Alkane,6,1676.8,7.9,1650,4.567,1903,0.053,61.1,70.5,4.639,0,-32.549,-21.466,1.1569048
01:49:32,CO2 60m 6C_ramp 1.4 mL Flow Alkane_Samples,10,VB-12,sample,,3.5,C27 Alkane,7,1828.5,7.5,1145,3.214,1325,0.037,101.4,116.7,3.265,0,-32.143,-21.084,1.1573564
01:49:32,CO2 60m 6C_ramp 1.4 mL Flow Alkane_Samples,10,VB-12,sample,,3.5,C29 Alkane,8,1969.6,7.1,571,1.671,659,0.019,182.1,209.1,1.697,0,-33.395,-22.269,1.1559557
01:49:32,CO2 60m 6C_ramp 1.4 mL Flow Alkane_Samples,10,VB-12,sample,,3.5,C31 Alkane,9,2104.8,10.9,5601,17.719,6447,0.205,290.7,333.4,17.997,0,-33.190,-22.068,1.1561925
01:49:32,CO2 60m 6C_ramp 1.4 mL Flow Alkane_Samples,10,VB-12,sample,,3.5,C33 Alkane,10,2255.7,12.5,5745,21.864,6602,0.253,340.5,390.1,22.207,0,-31.910,-20.863,1.1576177
01:49:32,CO2 60m 6C_ramp 1.4 mL Flow Alkane_Samples,10,VB-12,sample,,3.5,,11,2442.6,9.8,525,2.258,608,0.026,341.7,391.3,2.294,0,-31.972,-20.929,1.1575389
02:50:51,CO2 60m 6C_ramp 1.4 mL Flow Alkane_Samples,11,VB-12,sample,,3.5,Ref 1,1,39.7,13.2,4973,52.183,5875,0.617,0.5,0.1,53.019,0,-10.288,0.080,1.1814278
02:50:51,CO2 60m 6C_ramp 1.4 mL Flow Alkane_Samples,11,VB-12,sample,,3.5,Ref 2,2,81.5,13.4,4971,52.227,5872,0.617,0.4,-0.0,53.064,0,-10.321,0.047,1.1813887
02:50:51,CO2 60m 6C_ramp 1.4 mL Flow Alkane_Samples,11,VB-12,sample,,3.5,Ref 3,3,123.3,13.2,4975,52.237,5876,0.617,0.4,-0.0,53.074,1,-10.370,0.000,1.1813333
02:50:51,CO2 60m 6C_ramp 1.4 mL Flow Alkane_Samples,11,VB-12,sample,,3.5,Ref 4,4,165.1,13.4,4971,52.294,5871,0.618,0.4,-0.0,53.132,0,-10.382,-0.013,1.1813182
02:50:51,CO2 60m 6C_ramp 1.4 mL Flow Alkane_Samples,11,VB-12,sample,,3.5,Ref 5,5,206.9,13.2,4972,52.320,5873,0.618,0.4,0.0,53.159,0,-10.364,0.004,1.1813383
02:50:51,CO2 60m 6C_ramp 1.4 mL Flow Alkane_Samples,11,VB-12,sample,,3.5,C25 Alkane,6,1677.0,7.9,1353,3.759,1561,0.043,58.5,67.5,3.818,0,-32.583,-21.494,1.1559422
02:50:51,CO2 60m 6C_ramp 1.4 mL Flow Alkane_Samples,11,VB-12,sample,,3.5,C27 Alkane,7,1829.0,7.5,927,2.641,1072,0.031,98.7,113.5,2.683,0,-32.261,-21.194,1.1562967
02:50:51,CO2 60m 6C_ramp 1.4 mL Flow Alkane_Samples,11,VB-12,sample,,3.5,C31 Alkane,8,2104.8,10.2,4589,14.453,5286,0.167,285.0,326.4,14.680,0,-33.024,-21.913,1.1554469
02:50:51,CO2 60m 6C_ramp 1.4 mL Flow Alkane_Samples,11,VB-12,sample,,3.5,C33 Alkane,9,2255.5,11.7,4807,17.789,5534,0.206,334.1,382.4,18.069,0,-31.894,-20.848,1.1567050
03:52:08,CO2 60m 6C_ramp 1.4 mL Flow Alkane_Samples,12,VD-01,sample,,3.5,Ref 1,1,39.5,13.4,4968,52.095,5873,0.616,0.5,0.1,52.931,0,-10.273,0.096,1.1822535
03:52:08,CO2 60m 6C_ramp 1.4 mL Flow Alkane_Samples,12,VD-01,sample,,3.5,Ref 2,2,81.3,13.4,4968,52.196,5873,0.617,0.4,-0.0,53.033,0,-10.318,0.053,1.1822027
03:52:08,CO2 60m 6C_ramp 1.4 mL Flow Alkane_Samples,12,VD-01,sample,,3.5,Ref 3,3,123.3,13.4,4968,52.242,5873,0.618,0.4,-0.0,53.080,1,-10.370,0.000,1.1821403
03:52:08,CO2 60m 6C_ramp 1.4 mL Flow Alkane_Samples,12,VD-01,sample,,3.5,Ref 4,4,165.1,13.4,4971,52.346,5877,0.619,0.4,-0.0,53.185,0,-10.345,0.024,1.1821691
03:52:08,CO2 60m 6C_ramp 1.4 mL Flow Alkane_Samples,12,VD-01,sample,,3.5,Ref 5,5,206.9,13.4,4969,52.186,5873,0.617,0.4,-0.0,53.023,0,-10.390,-0.019,1.1821184
03:52:08,CO2 60m 6C_ramp 1.4 mL Flow Alkane_Samples,12,VD-01,sample,,3.5,C25 Alkane,6,1676.6,7.7,1130,3.216,1305,0.037,50.9,58.8,3.267,0,-33.645,-22.502,1.1555395
03:52:08,CO2 60m 6C_ramp 1.4 mL Flow Alkane_Samples,12,VD-01,sample,,3.5,C27 Alkane,7,1828.5,7.7,996,2.867,1148,0.033,88.6,101.9,2.912,0,-33.895,-22.730,1.1552699
03:52:08,CO2 60m 6C_ramp 1.4 mL Flow Alkane_Samples,12,VD-01,sample,,3.5,C29 Alkane,8,1969.6,7.5,728,2.121,840,0.024,169.7,194.7,2.154,0,-35.426,-24.192,1.1535417
03:52:08,CO2 60m 6C_ramp 1.4 mL Flow Alkane_Samples,12,VD-01,sample,,3.5,C31 Alkane,9,2104.8,11.1,6424,20.549,7374,0.237,268.3,307.3,20.871,0,-34.621,-23.416,1.1544589
03:52:08,CO2 60m 6C_ramp 1.4 mL Flow Alkane_Samples,12,VD-01,sample,,3.5,C33 Alkane,10,2255.7,12.7,6441,24.377,7386,0.282,319.0,365.2,24.759,0,-33.671,-22.522,1.1555163
03:52:08,CO2 60m 6C_ramp 1.4 mL Flow Alkane_Samples,12,VD-01,sample,,3.5,,11,2442.4,10.0,547,2.371,632,0.027,329.6,377.3,2.409,0,-33.375,-22.230,1.1558610
04:53:26,CO2 60m 6C_ramp 1.4 mL Flow Alkane_Samples,13,VD-01,sample,,3.5,Ref 1,1,39.7,13.4,4985,52.385,5894,0.619,0.5,0.1,53.225,0,-10.276,0.091,1.1823455
04:53:26,CO2 60m 6C_ramp 1.4 mL Flow Alkane_Samples,13,VD-01,sample,,3.5,Ref 2,2,81.5,13.4,4986,52.365,5895,0.619,0.4,-0.0,53.205,0,-10.343,0.026,1.1822690
04:53:26,CO2 60m 6C_ramp 1.4 mL Flow Alkane_Samples,13,VD-01,sample,,3.5,Ref 3,3,123.3,13.4,4988,52.383,5897,0.619,0.4,-0.0,53.223,1,-10.370,0.000,1.1822384
04:53:26,CO2 60m 6C_ramp 1.4 mL Flow Alkane_Samples,13,VD-01,sample,,3.5,Ref 4,4,165.1,13.4,4989,52.446,5899,0.620,0.4,-0.0,53.287,0,-10.385,-0.016,1.1822194
04:53:26,CO2 60m 6C_ramp 1.4 mL Flow Alkane_Samples,13,VD-01,sample,,3.5,Ref 5,5,206.9,13.4,4990,52.499,5899,0.621,0.4,-0.0,53.341,0,-10.408,-0.038,1.1821931
04:53:26,CO2 60m 6C_ramp 1.4 mL Flow Alkane_Samples,13,VD-01,sample,,3.5,C25 Alkane,6,1676.8,7.7,1197,3.337,1383,0.039,50.4,58.1,3.389,0,-33.712,-22.566,1.1555602
04:53:26,CO2 60m 6C_ramp 1.4 mL Flow Alkane_Samples,13,VD-01,sample,,3.5,C27 Alkane,7,1828.8,7.7,1045,2.971,1206,0.034,87.8,101.0,3.018,0,-33.863,-22.714,1.1553855
04:53:26,CO2 60m 6C_ramp 1.4 mL Flow Alkane_Samples,13,VD-01,sample,,3.5,C29 Alkane,8,1969.6,7.3,748,2.176,864,0.025,162.8,186.8,2.211,0,-35.321,-24.059,1.1537953
04:53:26,CO2 60m 6C_ramp 1.4 mL Flow Alkane_Samples,13,VD-01,sample,,3.5,C31 Alkane,9,2105.0,11.5,6465,21.015,7423,0.243,268.7,307.9,21.344,0,-34.752,-23.545,1.1544028
04:53:26,CO2 60m 6C_ramp 1.4 mL Flow Alkane_Samples,13,VD-01,sample,,3.5,C33 Alkane,10,2255.9,13.0,6451,24.694,7392,0.285,320.1,366.6,25.082,0,-33.726,-22.582,1.1555407
04:53:26,CO2 60m 6C_ramp 1.4 mL Flow Alkane_Samples,13,VD-01,sample,,3.5,,11,2442.6,10.0,528,2.403,611,0.028,330.2,377.9,2.441,0,-33.474,-22.331,1.1558380
05:44:16,CO2 60m 6C_ramp 1.4 mL Flow Standards,14,ACAL2,standard_control_drift,,3.5,Ref 1,1,39.5,13.4,4971,52.265,5877,0.618,0.5,0.1,53.103,0,-10.318,0.052,1.1822664
05:44:16,CO2 60m 6C_ramp 1.4 mL Flow Standards,14,ACAL2,standard_control_drift,,3.5,Ref 2,2,81.3,13.4,4972,52.243,5877,0.618,0.4,0.0,53.080,0,-10.364,0.007,1.1822134
05:44:16,CO2 60m 6C_ramp 1.4 mL Flow Standards,14,ACAL2,standard_control_drift,,3.5,Ref 3,3,123.3,13.4,4971,52.325,5877,0.619,0.4,-0.1,53.164,1,-10.370,0.000,1.1822047
05:44:16,CO2 60m 6C_ramp 1.4 mL Flow Standards,14,ACAL2,standard_control_drift,,3.5,Ref 4,4,165.1,13.4,4973,52.326,5879,0.619,0.4,-0.0,53.165,0,-10.393,-0.023,1.1821780
05:44:16,CO2 60m 6C_ramp 1.4 mL Flow Standards,14,ACAL2,standard_control_drift,,3.5,Ref 5,5,206.9,13.4,4974,52.243,5880,0.618,0.4,0.0,53.081,0,-10.397,-0.026,1.1821738
05:44:16,CO2 60m 6C_ramp 1.4 mL Flow Standards,14,ACAL2,standard_control_drift,,3.5,C23 Alkane,6,1521.1,9.2,5127,13.671,5901,0.158,33.7,39.1,13.886,0,-32.316,-21.239,1.1570961
05:44:16,CO2 60m 6C_ramp 1.4 mL Flow Standards,14,ACAL2,standard_control_drift,,3.5,C20 FAME,7,1543.9,9.2,4074,10.867,4794,0.128,52.9,61.2,11.040,0,-9.736,0.031,1.1822413
05:44:16,CO2 60m 6C_ramp 1.4 mL Flow Standards,14,ACAL2,standard_control_drift,,3.5,C25 Alkane,8,1682.0,9.8,5299,14.576,6121,0.169,60.9,70.3,14.806,0,-27.544,-16.745,1.1624086
05:44:16,CO2 60m 6C_ramp 1.4 mL Flow Standards,14,ACAL2,standard_control_drift,,3.5,C27 Alkane,9,1831.7,9.8,5359,15.169,6194,0.176,104.7,120.6,15.408,0,-29.567,-18.650,1.1601563
05:44:16,CO2 60m 6C_ramp 1.4 mL Flow Standards,14,ACAL2,standard_control_drift,,3.5,C29 Alkane,10,1971.7,10.2,5623,16.444,6484,0.191,187.9,215.9,16.703,0,-31.011,-20.010,1.1585486
05:44:16,CO2 60m 6C_ramp 1.4 mL Flow Standards,14,ACAL2,standard_control_drift,,3.5,C31 Alkane,11,2105.5,10.9,5307,16.741,6143,0.194,289.5,332.3,17.005,0,-28.651,-17.784,1.1611804
05:44:16,CO2 60m 6C_ramp 1.4 mL Flow Standards,14,ACAL2,standard_control_drift,,3.5,C30 FAME,12,2285.4,11.5,3559,13.244,4128,0.154,316.9,363.1,13.453,0,-25.629,-14.932,1.1645523
06:35:06,CO2 60m 6C_ramp 1.4 mL Flow Standards,15,ACAL2,standard_control_drift,,3.5,Ref 1,1,39.5,13.4,4979,52.381,5886,0.619,0.5,0.1,53.221,0,-10.286,0.082,1.1822238
06:35:06,CO2 60m 6C_ramp 1.4 mL Flow Standards,15,ACAL2,standard_control_drift,,3.5,Ref 2,2,81.5,13.4,4979,52.332,5886,0.619,0.4,0.0,53.171,0,-10.319,0.049,1.1821858
06:35:06,CO2 60m 6C_ramp 1.4 mL Flow Standards,15,ACAL2,standard_control_drift,,3.5,Ref 3,3,123.3,13.4,4980,52.299,5887,0.618,0.4,-0.0,53.137,1,-10.370,0.000,1.1821275
06:35:06,CO2 60m 6C_ramp 1.4 mL Flow Standards,15,ACAL2,standard_control_drift,,3.5,Ref 4,4,165.1,13.4,4979,52.337,5885,0.619,0.4,0.0,53.176,0,-10.354,0.014,1.1821438
06:35:06,CO2 60m 6C_ramp 1.4 mL Flow Standards,15,ACAL2,standard_control_drift,,3.5,Ref 5,5,206.9,13.4,4980,52.349,5888,0.619,0.4,0.0,53.188,0,-10.341,0.027,1.1821595
06:35:06,CO2 60m 6C_ramp 1.4 mL Flow Standards,15,ACAL2,standard_control_drift,,3.5,C23 Alkane,6,1520.9,9.2,5237,13.873,6039,0.161,37.3,43.2,14.091,0,-32.230,-21.159,1.1571151
06:35:06,CO2 60m 6C_ramp 1.4 mL Flow Standards,15,ACAL2,standard_control_drift,,3.5,C20 FAME,7,1543.9,9.4,4105,11.026,4829,0.130,56.8,65.7,11.202,0,-9.481,0.266,1.1824421
06:35:06,CO2 60m 6C_ramp 1.4 mL Flow Standards,15,ACAL2,standard_control_drift,,3.5,C25 Alkane,8,1682.0,9.8,5395,14.723,6230,0.171,65.9,76.1,14.955,0,-27.488,-16.697,1.1623896
06:35:06,CO2 60m 6C_ramp 1.4 mL Flow Standards,15,ACAL2,standard_control_drift,,3.5,C27 Alkane,9,1831.7,9.8,5298,15.219,6126,0.177,111.3,128.2,15.458,0,-29.474,-18.567,1.1601792
06:35:06,CO2 60m 6C_ramp 1.4 mL Flow Standards,15,ACAL2,standard_control_drift,,3.5,C29 Alkane,10,1971.7,10.4,5637,16.546,6495,0.192,194.7,223.8,16.806,0,-30.973,-19.979,1.1585100
06:35:06,CO2 60m 6C_ramp 1.4 mL Flow Standards,15,ACAL2,standard_control_drift,,3.5,C31 Alkane,11,2105.5,10.9,5312,16.840,6149,0.196,290.3,333.2,17.106,0,-28.531,-17.670,1.1612390
06:35:06,CO2 60m 6C_ramp 1.4 mL Flow Standards,15,ACAL2,standard_control_drift,,3.5,C30 FAME,12,2285.4,11.5,3521,13.243,4087,0.154,318.3,364.7,13.452,0,-25.509,-14.817,1.1646118
07:36:23,CO2 60m 6C_ramp 1.4 mL Flow Alkane_Samples,16,VD-02,sample,,3.5,Ref 1,1,39.7,13.4,4978,52.449,5886,0.620,0.5,0.1,53.290,0,-10.306,0.063,1.1822952
07:36:23,CO2 60m 6C_ramp 1.4 mL Flow Alkane_Samples,16,VD-02,sample,,3.5,Ref 2,2,81.3,13.4,4977,52.371,5884,0.619,0.4,-0.0,53.211,0,-10.365,0.005,1.1822263
07:36:23,CO2 60m 6C_ramp 1.4 mL Flow Alkane_Samples,16,VD-02,sample,,3.5,Ref 3,3,123.1,13.4,4979,52.293,5887,0.618,0.4,-0.0,53.131,1,-10.370,0.000,1.1822203
07:36:23,CO2 60m 6C_ramp 1.4 mL Flow Alkane_Samples,16,VD-02,sample,,3.5,Ref 4,4,165.1,13.4,4982,52.533,5888,0.621,0.4,0.0,53.375,0,-10.403,-0.033,1.1821808
07:36:23,CO2 60m 6C_ramp 1.4 mL Flow Alkane_Samples,16,VD-02,sample,,3.5,Ref 5,5,206.9,13.4,4980,52.363,5887,0.619,0.4,0.0,53.203,0,-10.391,-0.019,1.1821980
07:36:23,CO2 60m 6C_ramp 1.4 mL Flow Alkane_Samples,16,VD-02,sample,,3.5,C25 Alkane,6,1676.8,8.8,3113,8.376,3581,0.097,86.1,99.5,8.507,0,-32.930,-21.837,1.1564046
07:36:23,CO2 60m 6C_ramp 1.4 mL Flow Alkane_Samples,16,VD-02,sample,,3.5,C27 Alkane,7,1828.5,7.7,2259,6.229,2603,0.072,128.6,148.4,6.327,0,-33.174,-22.066,1.1561332
07:36:23,CO2 60m 6C_ramp 1.4 mL Flow Alkane_Samples,16,VD-02,sample,,3.5,,8,1914.0,11.1,1716,5.091,1993,0.059,178.6,205.9,5.172,0,-26.505,-15.802,1.1635394
07:36:23,CO2 60m 6C_ramp 1.4 mL Flow Alkane_Samples,16,VD-02,sample,,3.5,C29 Alkane,9,1969.4,7.7,1098,3.173,1268,0.037,207.7,238.9,3.222,0,-34.753,-23.522,1.1544116
07:36:23,CO2 60m 6C_ramp 1.4 mL Flow Alkane_Samples,16,VD-02,sample,,3.5,C31 Alkane,10,2105.3,12.3,7636,25.294,8773,0.292,303.3,348.5,25.691,0,-33.503,-22.375,1.1557677
07:36:23,CO2 60m 6C_ramp 1.4 mL Flow Alkane_Samples,16,VD-02,sample,,3.5,C33 Alkane,11,2255.7,12.7,6376,24.011,7337,0.278,339.0,389.1,24.388,0,-31.637,-20.614,1.1578498
07:36:23,CO2 60m 6C_ramp 1.4 mL Flow Alkane_Samples,16,VD-02,sample,,3.5,,12,2586.4,10.9,570,2.785,661,0.032,339.0,388.9,2.829,0,-29.854,-18.950,1.1598167
08:37:41,CO2 60m 6C_ramp 1.4 mL Flow Alkane_Samples,17,VD-02,sample,,3.5,Ref 1,1,39.5,13.4,4966,52.195,5871,0.617,0.5,0.1,53.032,0,-10.332,0.040,1.1823319
08:37:41,CO2 60m 6C_ramp 1.4 mL Flow Alkane_Samples,17,VD-02,sample,,3.5,Ref 2,2,81.5,13.4,4964,52.164,5869,0.617,0.4,-0.0,53.001,0,-10.374,-0.002,1.1822827
08:37:41,CO2 60m 6C_ramp 1.4 mL Flow Alkane_Samples,17,VD-02,sample,,3.5,Ref 3,3,123.3,13.4,4967,52.275,5873,0.618,0.4,-0.0,53.113,1,-10.370,0.000,1.1822848
08:37:41,CO2 60m 6C_ramp 1.4 mL Flow Alkane_Samples,17,VD-02,sample,,3.5,Ref 4,4,165.1,13.4,4965,52.162,5871,0.617,0.4,0.0,52.998,0,-10.417,-0.044,1.1822322
08:37:41,CO2 60m 6C_ramp 1.4 mL Flow Alkane_Samples,17,VD-02,sample,,3.5,Ref 5,5,206.9,13.4,4967,52.224,5872,0.617,0.5,0.0,53.061,0,-10.428,-0.056,1.1822191
08:37:41,CO2 60m 6C_ramp 1.4 mL Flow Alkane_Samples,17,VD-02,sample,,3.5,C25 Alkane,6,1676.8,9.0,3523,9.605,4050,0.111,96.7,111.8,9.756,0,-33.044,-21.941,1.1563446
08:37:41,CO2 60m 6C_ramp 1.4 mL Flow Alkane_Samples,17,VD-02,sample,,3.5,C27 Alkane,7,1828.5,7.9,2635,7.310,3034,0.085,144.3,166.6,7.424,0,-33.131,-22.024,1.1562464
08:37:41,CO2 60m 6C_ramp 1.4 mL Flow Alkane_Samples,17,VD-02,sample,,3.5,,8,1914.0,8.2,2045,5.863,2374,0.068,208.9,241.0,5.956,0,-26.495,-15.767,1.1636434
08:37:41,CO2 60m 6C_ramp 1.4 mL Flow Alkane_Samples,17,VD-02,sample,,3.5,C29 Alkane,9,1969.4,7.7,1276,3.684,1470,0.043,233.4,268.8,3.741,0,-35.150,-23.909,1.1540181
08:37:41,CO2 60m 6C_ramp 1.4 mL Flow Alkane_Samples,17,VD-02,sample,,3.5,C31 Alkane,10,2105.5,13.0,8700,29.464,9977,0.341,326.7,375.5,29.927,0,-33.426,-22.295,1.1559253
08:37:41,CO2 60m 6C_ramp 1.4 mL Flow Alkane_Samples,17,VD-02,sample,,3.5,C33 Alkane,11,2256.2,13.4,7139,27.992,8198,0.324,356.3,409.3,28.432,0,-31.641,-20.612,1.1579156
08:37:41,CO2 60m 6C_ramp 1.4 mL Flow Alkane_Samples,17,VD-02,sample,,3.5,,12,2586.6,11.3,674,3.292,780,0.038,355.5,408.0,3.344,0,-29.856,-18.924,1.1599114
09:28:31,CO2 60m 6C_ramp 1.4 mL Flow Standards,18,LCA,size,,6,Ref 1,1,39.7,13.4,4969,52.278,5871,0.618,0.5,0.1,53.115,0,-10.272,0.094,1.1815543
09:28:31,CO2 60m 6C_ramp 1.4 mL Flow Standards,18,LCA,size,,6,Ref 2,2,81.5,13.2,4970,52.196,5872,0.617,0.4,0.0,53.032,0,-10.326,0.042,1.1814925
09:28:31,CO2 60m 6C_ramp 1.4 mL Flow Standards,18,LCA,size,,6,Ref 3,3,123.3,13.4,4970,52.242,5871,0.617,0.4,0.0,53.079,1,-10.370,0.000,1.1814428
09:28:31,CO2 60m 6C_ramp 1.4 mL Flow Standards,18,LCA,size,,6,Ref 4,4,165.1,13.2,4969,52.203,5871,0.617,0.4,-0.0,53.040,0,-10.372,-0.003,1.1814388
09:28:31,CO2 60m 6C_ramp 1.4 mL Flow Standards,18,LCA,size,,6,Ref 5,5,206.9,13.2,4969,52.152,5871,0.616,0.5,0.0,52.987,0,-10.369,-0.001,1.1814413
09:28:31,CO2 60m 6C_ramp 1.4 mL Flow Standards,18,LCA,size,,6,C21 Alkane,6,1348.7,10.0,7925,21.440,9103,0.249,32.3,37.6,21.778,0,-29.683,-18.752,1.1592880
09:28:31,CO2 60m 6C_ramp 1.4 mL Flow Standards,18,LCA,size,,6,C23 Alkane,7,1522.1,10.2,8392,23.304,9610,0.269,47.7,55.3,23.670,0,-32.276,-21.197,1.1563996
09:28:31,CO2 60m 6C_ramp 1.4 mL Flow Standards,18,LCA,size,,6,C25 Alkane,8,1683.3,10.7,8550,24.864,9798,0.288,90.2,104.2,25.255,0,-30.775,-19.782,1.1580709
09:28:31,CO2 60m 6C_ramp 1.4 mL Flow Standards,18,LCA,size,,6,C27 Alkane,9,1832.9,12.7,8717,26.379,10035,0.306,158.4,182.9,26.793,0,-30.310,-19.348,1.1585847
09:28:31,CO2 60m 6C_ramp 1.4 mL Flow Standards,18,LCA,size,,6,C29 Alkane,10,1973.0,11.5,8824,27.534,10149,0.319,261.3,301.1,27.967,0,-29.876,-18.939,1.1590677
09:28:31,CO2 60m 6C_ramp 1.4 mL Flow Standards,18,LCA,size,,6,C31 Alkane,11,2107.1,12.7,10027,34.006,11493,0.393,333.3,383.2,34.540,0,-32.904,-21.792,1.1556969
09:28:31,CO2 60m 6C_ramp 1.4 mL Flow Standards,18,LCA,size,,6,C33 Alkane,12,2257.4,15.3,8419,33.739,9685,0.391,332.4,381.7,34.270,0,-29.446,-18.531,1.1595497
09:28:31,CO2 60m 6C_ramp 1.4 mL Flow Standards,18,LCA,size,,6,C35 Alkane,13,2446.6,15.9,6426,32.240,7369,0.374,317.9,364.8,32.747,0,-29.205,-18.307,1.1598138
09:28:31,CO2 60m 6C_ramp 1.4 mL Flow Standards,18,LCA,size,,6,,14,2587.6,11.9,886,4.543,1024,0.053,310.3,355.9,4.615,0,-29.483,-18.567,1.1595066
10:19:20,CO2 60m 6C_ramp 1.4 mL Flow Standards,19,LCA,size,,5,Ref 1,1,39.5,13.4,4973,52.203,5880,0.617,0.5,0.1,53.040,0,-10.327,0.043,1.1824584
10:19:20,CO2 60m 6C_ramp 1.4 mL Flow Standards,19,LCA,size,,5,Ref 2,2,81.5,13.4,4972,52.344,5880,0.619,0.5,0.0,53.183,0,-10.362,0.009,1.1824182
10:19:20,CO2 60m 6C_ramp 1.4 mL Flow Standards,19,LCA,size,,5,Ref 3,3,123.3,13.4,4972,52.252,5879,0.618,0.4,0.0,53.090,1,-10.370,0.000,1.1824077
10:19:20,CO2 60m 6C_ramp 1.4 mL Flow Standards,19,LCA,size,,5,Ref 4,4,165.1,13.4,4976,52.382,5884,0.619,0.5,0.0,53.222,0,-10.402,-0.031,1.1823711
10:19:20,CO2 60m 6C_ramp 1.4 mL Flow Standards,19,LCA,size,,5,Ref 5,5,206.9,13.4,4975,52.273,5882,0.618,0.5,0.0,53.111,0,-10.381,-0.010,1.1823964
10:19:20,CO2 60m 6C_ramp 1.4 mL Flow Standards,19,LCA,size,,5,C21 Alkane,6,1347.8,9.6,6888,18.286,7913,0.212,33.2,38.6,18.574,0,-29.734,-18.809,1.1601675
10:19:20,CO2 60m 6C_ramp 1.4 mL Flow Standards,19,LCA,size,,5,C23 Alkane,7,1521.1,10.0,7255,19.645,8329,0.227,47.9,55.6,19.953,0,-32.190,-21.118,1.1574378
10:19:20,CO2 60m 6C_ramp 1.4 mL Flow Standards,19,LCA,size,,5,C25 Alkane,8,1682.0,10.5,7360,20.784,8478,0.241,88.8,102.7,21.111,0,-30.789,-19.797,1.1589993
10:19:20,CO2 60m 6C_ramp 1.4 mL Flow Standards,19,LCA,size,,5,C27 Alkane,9,1831.9,12.5,7437,21.885,8563,0.254,148.2,171.2,22.230,0,-30.315,-19.355,1.1595218
10:19:20,CO2 60m 6C_ramp 1.4 mL Flow Standards,19,LCA,size,,5,C29 Alkane,10,1971.7,10.4,7550,22.616,8711,0.262,233.4,269.1,22.972,0,-29.888,-18.946,1.1600062
10:19:20,CO2 60m 6C_ramp 1.4 mL Flow Standards,19,LCA,size,,5,C31 Alkane,11,2105.9,12.5,8301,28.125,9540,0.325,326.8,376.1,28.566,0,-33.111,-21.982,1.1564160
10:19:20,CO2 60m 6C_ramp 1.4 mL Flow Standards,19,LCA,size,,5,C33 Alkane,12,2256.2,13.4,7166,27.611,8263,0.320,325.3,373.8,28.045,0,-29.434,-18.529,1.1604992
10:19:20,CO2 60m 6C_ramp 1.4 mL Flow Standards,19,LCA,size,,5,C35 Alkane,13,2445.1,15.3,5549,26.668,6379,0.310,313.2,359.7,27.088,0,-29.323,-18.421,1.1606270
10:19:20,CO2 60m 6C_ramp 1.4 mL Flow Standards,19,LCA,size,,5,,14,2586.4,11.3,591,2.966,686,0.034,304.1,349.0,3.013,0,-29.496,-18.579,1.1604392
11:10:09,CO2 60m 6C_ramp 1.4 mL Flow Standards,20,LCA,size,,4,Ref 1,1,39.7,13.4,4974,52.399,5881,0.620,0.5,0.1,53.239,0,-10.352,0.018,1.1825150
11:10:09,CO2 60m 6C_ramp 1.4 mL Flow Standards,20,LCA,size,,4,Ref 2,2,81.5,13.4,4974,52.440,5881,0.620,0.5,0.1,53.281,0,-10.386,-0.014,1.1824765
11:10:09,CO2 60m 6C_ramp 1.4 mL Flow Standards,20,LCA,size,,4,Ref 3,3,123.3,13.4,4976,52.289,5884,0.618,0.5,0.0,53.127,1,-10.370,0.000,1.1824931
11:10:09,CO2 60m 6C_ramp 1.4 mL Flow Standards,20,LCA,size,,4,Ref 4,4,165.1,13.4,4975,52.413,5882,0.620,0.5,0.0,53.254,0,-10.387,-0.018,1.1824719
11:10:09,CO2 60m 6C_ramp 1.4 mL Flow Standards,20,LCA,size,,4,Ref 5,5,206.9,13.4,4970,52.386,5877,0.619,0.5,0.0,53.226,0,-10.402,-0.030,1.1824576
11:10:09,CO2 60m 6C_ramp 1.4 mL Flow Standards,20,LCA,size,,4,C21 Alkane,6,1348.3,9.0,4805,12.349,5535,0.143,25.8,30.1,12.544,0,-29.766,-18.837,1.1602188
11:10:09,CO2 60m 6C_ramp 1.4 mL Flow Standards,20,LCA,size,,4,C23 Alkane,7,1521.5,9.2,5093,13.364,5862,0.155,40.1,46.6,13.574,0,-32.331,-21.254,1.1573602
11:10:09,CO2 60m 6C_ramp 1.4 mL Flow Standards,20,LCA,size,,4,C25 Alkane,8,1682.4,9.4,5246,14.241,6055,0.165,74.6,86.4,14.465,0,-30.808,-19.817,1.1590600
11:10:09,CO2 60m 6C_ramp 1.4 mL Flow Standards,20,LCA,size,,4,C27 Alkane,9,1832.3,9.4,5299,14.906,6117,0.173,125.4,144.8,15.141,0,-30.367,-19.404,1.1595485
11:10:09,CO2 60m 6C_ramp 1.4 mL Flow Standards,20,LCA,size,,4,C29 Alkane,10,1972.3,9.8,5463,15.752,6299,0.183,216.5,249.4,16.000,0,-29.918,-18.981,1.1600482
11:10:09,CO2 60m 6C_ramp 1.4 mL Flow Standards,20,LCA,size,,4,C31 Alkane,11,2106.3,11.3,6107,19.535,7033,0.226,307.3,353.5,19.842,0,-33.136,-22.011,1.1564654
11:10:09,CO2 60m 6C_ramp 1.4 mL Flow Standards,20,LCA,size,,4,C33 Alkane,12,2256.8,11.9,5189,19.216,5980,0.223,305.3,350.7,19.518,0,-29.510,-18.600,1.1604984
11:10:09,CO2 60m 6C_ramp 1.4 mL Flow Standards,20,LCA,size,,4,C35 Alkane,13,2445.5,13.8,4094,18.624,4709,0.216,298.9,343.1,18.917,0,-29.320,-18.420,1.1607117
12:00:59,CO2 60m 6C_ramp 1.4 mL Flow Standards,21,LCA,size,,3,Ref 1,1,39.7,13.4,4974,52.260,5882,0.618,0.5,0.1,53.098,0,-10.324,0.046,1.1825482
12:00:59,CO2 60m 6C_ramp 1.4 mL Flow Standards,21,LCA,size,,3,Ref 2,2,81.5,13.4,4974,52.165,5882,0.617,0.5,0.0,53.002,0,-10.363,0.007,1.1825026
12:00:59,CO2 60m 6C_ramp 1.4 mL Flow Standards,21,LCA,size,,3,Ref 3,3,123.3,13.4,4974,52.293,5881,0.618,0.5,0.0,53.132,1,-10.370,0.000,1.1824943
12:00:59,CO2 60m 6C_ramp 1.4 mL Flow Standards,21,LCA,size,,3,Ref 4,4,165.1,13.4,4974,52.269,5882,0.618,0.5,0.0,53.107,0,-10.381,-0.009,1.1824840
12:00:59,CO2 60m 6C_ramp 1.4 mL Flow Standards,21,LCA,size,,3,Ref 5,5,206.9,13.4,4971,52.279,5878,0.618,0.5,0.0,53.117,0,-10.352,0.018,1.1825156
12:00:59,CO2 60m 6C_ramp 1.4 mL Flow Standards,21,LCA,size,,3,C21 Alkane,6,1347.0,9.0,4033,10.415,4650,0.121,23.1,27.0,10.579,0,-29.807,-18.876,1.1601740
12:00:59,CO2 60m 6C_ramp 1.4 mL Flow Standards,21,LCA,size,,3,C23 Alkane,7,1520.3,9.0,4272,11.282,4922,0.131,36.2,41.9,11.459,0,-32.305,-21.229,1.1573915
12:00:59,CO2 60m 6C_ramp 1.4 mL Flow Standards,21,LCA,size,,3,C25 Alkane,8,1681.2,9.4,4426,12.064,5108,0.140,63.4,73.3,12.253,0,-30.881,-19.887,1.1589777
12:00:59,CO2 60m 6C_ramp 1.4 mL Flow Standards,21,LCA,size,,3,C27 Alkane,9,1831.0,8.4,4550,12.486,5253,0.145,108.5,125.1,12.682,0,-30.310,-19.350,1.1596128
12:00:59,CO2 60m 6C_ramp 1.4 mL Flow Standards,21,LCA,size,,3,C29 Alkane,10,1970.9,9.6,4571,13.116,5285,0.152,191.1,220.0,13.322,0,-30.085,-19.139,1.1598622
12:00:59,CO2 60m 6C_ramp 1.4 mL Flow Standards,21,LCA,size,,3,C31 Alkane,11,2104.8,10.4,4995,15.793,5753,0.183,285.3,328.0,16.041,0,-33.267,-22.139,1.1563147
12:00:59,CO2 60m 6C_ramp 1.4 mL Flow Standards,21,LCA,size,,3,C33 Alkane,12,2255.1,10.9,4218,15.273,4867,0.177,285.3,327.4,15.514,0,-29.600,-18.684,1.1604009
12:00:59,CO2 60m 6C_ramp 1.4 mL Flow Standards,21,LCA,size,,3,C35 Alkane,13,2443.4,13.2,3275,14.730,3776,0.171,284.1,326.0,14.962,0,-29.468,-18.562,1.1605452
12:51:49,CO2 60m 6C_ramp 1.4 mL Flow Standards,22,LCA,size,,2,Ref 1,1,39.5,13.4,4975,52.302,5874,0.618,0.5,0.1,53.139,0,-10.310,0.059,1.1807018
12:51:49,CO2 60m 6C_ramp 1.4 mL Flow Standards,22,LCA,size,,2,Ref 2,2,81.3,13.4,4976,52.249,5874,0.617,0.4,0.0,53.085,0,-10.339,0.031,1.1806687
12:51:49,CO2 60m 6C_ramp 1.4 mL Flow Standards,22,LCA,size,,2,Ref 3,3,123.1,13.4,4978,52.297,5877,0.617,0.5,0.0,53.134,1,-10.370,0.000,1.1806322
12:51:49,CO2 60m 6C_ramp 1.4 mL Flow Standards,22,LCA,size,,2,Ref 4,4,165.1,13.4,4977,52.329,5876,0.618,0.5,0.0,53.167,0,-10.384,-0.015,1.1806148
12:51:49,CO2 60m 6C_ramp 1.4 mL Flow Standards,22,LCA,size,,2,Ref 5,5,206.9,13.4,4974,52.287,5873,0.617,0.5,0.0,53.124,0,-10.350,0.018,1.1806532
12:51:49,CO2 60m 6C_ramp 1.4 mL Flow Standards,22,LCA,size,,2,C21 Alkane,6,1346.8,8.4,2731,7.116,3157,0.082,21.3,24.8,7.228,0,-30.021,-19.082,1.1581031
12:51:49,CO2 60m 6C_ramp 1.4 mL Flow Standards,22,LCA,size,,2,C23 Alkane,7,1520.1,8.6,2870,7.694,3303,0.089,33.1,38.3,7.814,0,-32.642,-21.554,1.1551849
12:51:49,CO2 60m 6C_ramp 1.4 mL Flow Standards,22,LCA,size,,2,C25 Alkane,8,1681.0,8.8,2998,8.183,3453,0.095,57.5,66.3,8.311,0,-31.127,-20.125,1.1568718
12:51:49,CO2 60m 6C_ramp 1.4 mL Flow Standards,22,LCA,size,,2,C27 Alkane,9,1830.6,8.4,3093,8.531,3572,0.099,100.0,115.2,8.665,0,-30.665,-19.688,1.1573880
12:51:49,CO2 60m 6C_ramp 1.4 mL Flow Standards,22,LCA,size,,2,C29 Alkane,10,1970.5,9.0,3132,8.967,3620,0.104,180.6,207.5,9.107,0,-30.506,-19.543,1.1575591
12:51:49,CO2 60m 6C_ramp 1.4 mL Flow Standards,22,LCA,size,,2,C31 Alkane,11,2104.4,9.6,3514,10.801,4042,0.125,274.1,314.4,10.971,0,-33.545,-22.403,1.1541822
12:51:49,CO2 60m 6C_ramp 1.4 mL Flow Standards,22,LCA,size,,2,C33 Alkane,12,2254.3,10.4,2968,10.477,3426,0.121,275.7,315.6,10.642,0,-29.882,-18.958,1.1582494
12:51:49,CO2 60m 6C_ramp 1.4 mL Flow Standards,22,LCA,size,,2,C35 Alkane,13,2442.4,12.5,2228,10.060,2572,0.117,275.5,315.3,10.218,0,-29.736,-18.811,1.1584231
13:42:37,CO2 60m 6C_ramp 1.4 mL Flow Standards,23,LCA,size,,1,Ref 1,1,39.7,13.4,4983,52.381,5882,0.618,0.5,0.1,53.220,0,-10.304,0.065,1.1805232
13:42:37,CO2 60m 6C_ramp 1.4 mL Flow Standards,23,LCA,size,,1,Ref 2,2,81.5,13.4,4982,52.392,5880,0.618,0.5,0.0,53.231,0,-10.366,0.004,1.1804506
13:42:37,CO2 60m 6C_ramp 1.4 mL Flow Standards,23,LCA,size,,1,Ref 3,3,123.3,13.4,4981,52.375,5880,0.618,0.5,0.0,53.213,1,-10.370,0.000,1.1804465
13:42:37,CO2 60m 6C_ramp 1.4 mL Flow Standards,23,LCA,size,,1,Ref 4,4,165.1,13.4,4982,52.535,5881,0.620,0.5,0.0,53.376,0,-10.404,-0.033,1.1804071
13:42:37,CO2 60m 6C_ramp 1.4 mL Flow Standards,23,LCA,size,,1,Ref 5,5,206.9,13.4,4981,52.287,5880,0.617,0.5,0.1,53.124,0,-10.388,-0.017,1.1804259
13:42:37,CO2 60m 6C_ramp 1.4 mL Flow Standards,23,LCA,size,,1,C21 Alkane,6,1347.6,7.3,1027,2.783,1187,0.032,19.3,22.5,2.826,0,-29.921,-18.986,1.1580347
13:42:37,CO2 60m 6C_ramp 1.4 mL Flow Standards,23,LCA,size,,1,C23 Alkane,7,1520.7,7.7,1108,3.069,1281,0.035,30.2,35.0,3.117,0,-32.469,-21.381,1.1552072
13:42:37,CO2 60m 6C_ramp 1.4 mL Flow Standards,23,LCA,size,,1,C25 Alkane,8,1681.6,7.5,1193,3.304,1379,0.038,54.4,62.8,3.356,0,-30.958,-19.957,1.1568879
13:42:37,CO2 60m 6C_ramp 1.4 mL Flow Standards,23,LCA,size,,1,C27 Alkane,9,1831.5,7.5,1250,3.491,1447,0.040,96.4,111.0,3.545,0,-30.760,-19.775,1.1571025
13:42:37,CO2 60m 6C_ramp 1.4 mL Flow Standards,23,LCA,size,,1,C29 Alkane,10,1971.3,7.9,1282,3.678,1484,0.043,174.7,200.6,3.736,0,-30.062,-19.117,1.1578801
13:42:37,CO2 60m 6C_ramp 1.4 mL Flow Standards,23,LCA,size,,1,C31 Alkane,11,2104.8,8.6,1454,4.484,1677,0.052,263.5,302.2,4.554,0,-33.301,-22.165,1.1542824
13:42:37,CO2 60m 6C_ramp 1.4 mL Flow Standards,23,LCA,size,,1,C33 Alkane,12,2254.7,9.2,1256,4.398,1453,0.051,270.8,310.2,4.467,0,-29.653,-18.728,1.1583386
13:42:37,CO2 60m 6C_ramp 1.4 mL Flow Standards,23,LCA,size,,1,C35 Alkane,13,2442.6,10.9,973,4.260,1126,0.049,271.2,310.5,4.327,0,-29.696,-18.759,1.1583028
14:33:26,CO2 60m 6C_ramp 1.4 mL Flow Standards,24,ACAL2,standard_control_drift,,3.5,Ref 1,1,39.5,13.4,4978,52.392,5881,0.619,0.5,0.1,53.231,0,-10.314,0.056,1.1815254
14:33:26,CO2 60m 6C_ramp 1.4 mL Flow Standards,24,ACAL2,standard_control_drift,,3.5,Ref 2,2,81.3,13.4,4978,52.293,5881,0.618,0.5,-0.0,53.131,0,-10.332,0.038,1.1815043
14:33:26,CO2 60m 6C_ramp 1.4 mL Flow Standards,24,ACAL2,standard_control_drift,,3.5,Ref 3,3,123.1,13.4,4981,52.362,5884,0.619,0.4,0.0,53.201,1,-10.370,0.000,1.1814593
14:33:26,CO2 60m 6C_ramp 1.4 mL Flow Standards,24,ACAL2,standard_control_drift,,3.5,Ref 4,4,165.1,13.4,4980,52.501,5883,0.620,0.5,-0.0,53.342,0,-10.411,-0.039,1.1814134
14:33:26,CO2 60m 6C_ramp 1.4 mL Flow Standards,24,ACAL2,standard_control_drift,,3.5,Ref 5,5,206.9,13.4,4979,52.358,5882,0.619,0.5,0.0,53.197,0,-10.383,-0.012,1.1814447
14:33:26,CO2 60m 6C_ramp 1.4 mL Flow Standards,24,ACAL2,standard_control_drift,,3.5,C23 Alkane,6,1521.5,9.0,4815,12.667,5529,0.146,28.5,33.1,12.865,0,-32.357,-21.275,1.1563236
14:33:26,CO2 60m 6C_ramp 1.4 mL Flow Standards,24,ACAL2,standard_control_drift,,3.5,C20 FAME,7,1544.3,9.0,3869,10.207,4557,0.121,45.6,52.7,10.370,0,-9.544,0.220,1.1817186
14:33:26,CO2 60m 6C_ramp 1.4 mL Flow Standards,24,ACAL2,standard_control_drift,,3.5,C25 Alkane,8,1682.4,9.4,4982,13.423,5754,0.156,53.9,62.3,13.635,0,-27.531,-16.733,1.1616895
14:33:26,CO2 60m 6C_ramp 1.4 mL Flow Standards,24,ACAL2,standard_control_drift,,3.5,C27 Alkane,9,1832.1,9.6,4916,13.950,5679,0.162,93.8,108.1,14.169,0,-29.568,-18.649,1.1594268
14:33:26,CO2 60m 6C_ramp 1.4 mL Flow Standards,24,ACAL2,standard_control_drift,,3.5,C29 Alkane,10,1972.1,10.0,5185,15.084,5968,0.175,169.4,194.7,15.321,0,-31.011,-20.008,1.1578203
14:33:26,CO2 60m 6C_ramp 1.4 mL Flow Standards,24,ACAL2,standard_control_drift,,3.5,C31 Alkane,11,2105.9,10.5,4856,15.290,5607,0.177,258.9,297.1,15.531,0,-28.647,-17.783,1.1604488
14:33:26,CO2 60m 6C_ramp 1.4 mL Flow Standards,24,ACAL2,standard_control_drift,,3.5,C30 FAME,12,2285.6,11.3,3279,12.195,3803,0.142,268.9,308.3,12.387,0,-25.565,-14.860,1.1639033
15:24:15,CO2 60m 6C_ramp 1.4 mL Flow Standards,25,ACAL2,standard_control_drift,,3.5,Ref 1,1,39.7,13.2,4978,52.293,5881,0.618,0.5,0.1,53.131,0,-10.287,0.081,1.1815312
15:24:15,CO2 60m 6C_ramp 1.4 mL Flow Standards,25,ACAL2,standard_control_drift,,3.5,Ref 2,2,81.5,13.2,4977,52.324,5880,0.618,0.5,0.0,53.162,0,-10.349,0.021,1.1814603
15:24:15,CO2 60m 6C_ramp 1.4 mL Flow Standards,25,ACAL2,standard_control_drift,,3.5,Ref 3,3,123.3,13.2,4978,52.369,5881,0.619,0.4,0.0,53.208,1,-10.370,0.000,1.1814353
15:24:15,CO2 60m 6C_ramp 1.4 mL Flow Standards,25,ACAL2,standard_control_drift,,3.5,Ref 4,4,165.1,13.2,4977,52.417,5880,0.619,0.5,0.0,53.257,0,-10.350,0.018,1.1814565
15:24:15,CO2 60m 6C_ramp 1.4 mL Flow Standards,25,ACAL2,standard_control_drift,,3.5,Ref 5,5,206.9,13.2,4976,52.300,5878,0.618,0.5,0.0,53.138,0,-10.353,0.016,1.1814546
15:24:15,CO2 60m 6C_ramp 1.4 mL Flow Standards,25,ACAL2,standard_control_drift,,3.5,C23 Alkane,6,1521.3,9.4,5662,15.101,6506,0.175,29.8,34.5,15.338,0,-32.296,-21.219,1.1563665
15:24:15,CO2 60m 6C_ramp 1.4 mL Flow Standards,25,ACAL2,standard_control_drift,,3.5,C20 FAME,7,1544.3,9.4,4585,12.100,5382,0.143,50.0,57.9,12.293,0,-9.607,0.151,1.1816138
15:24:15,CO2 60m 6C_ramp 1.4 mL Flow Standards,25,ACAL2,standard_control_drift,,3.5,C25 Alkane,8,1682.2,9.8,5737,16.018,6631,0.186,58.1,67.1,16.270,0,-27.602,-16.797,1.1615912
15:24:15,CO2 60m 6C_ramp 1.4 mL Flow Standards,25,ACAL2,standard_control_drift,,3.5,C27 Alkane,9,1832.1,10.0,5866,16.641,6757,0.193,100.5,115.9,16.903,0,-29.590,-18.671,1.1593768
15:24:15,CO2 60m 6C_ramp 1.4 mL Flow Standards,25,ACAL2,standard_control_drift,,3.5,C29 Alkane,10,1971.9,10.2,6149,17.988,7088,0.208,177.9,204.6,18.271,0,-30.900,-19.900,1.1579245
15:24:15,CO2 60m 6C_ramp 1.4 mL Flow Standards,25,ACAL2,standard_control_drift,,3.5,C31 Alkane,11,2105.7,11.3,5762,18.337,6656,0.213,267.3,306.9,18.626,0,-28.548,-17.689,1.1605374
15:24:15,CO2 60m 6C_ramp 1.4 mL Flow Standards,25,ACAL2,standard_control_drift,,3.5,C30 FAME,12,2285.6,11.5,3938,14.683,4555,0.171,272.3,312.1,14.915,0,-25.504,-14.806,1.1639428
16:25:32,CO2 60m 6C_ramp 1.4 mL Flow Alkane_Samples,26,VD-03,sample,,3.5,Ref 1,1,39.7,13.4,4974,52.287,5881,0.618,0.5,0.1,53.125,0,-10.326,0.045,1.1823478
16:25:32,CO2 60m 6C_ramp 1.4 mL Flow Alkane_Samples,26,VD-03,sample,,3.5,Ref 2,2,81.3,13.4,4972,52.156,5878,0.617,0.5,0.0,52.992,0,-10.350,0.021,1.1823189
16:25:32,CO2 60m 6C_ramp 1.4 mL Flow Alkane_Samples,26,VD-03,sample,,3.5,Ref 3,3,123.3,13.4,4973,52.191,5879,0.617,0.4,0.0,53.028,1,-10.370,0.000,1.1822945
16:25:32,CO2 60m 6C_ramp 1.4 mL Flow Alkane_Samples,26,VD-03,sample,,3.5,Ref 4,4,165.1,13.4,4974,52.442,5881,0.620,0.5,0.1,53.283,0,-10.401,-0.030,1.1822586
16:25:32,CO2 60m 6C_ramp 1.4 mL Flow Alkane_Samples,26,VD-03,sample,,3.5,Ref 5,5,206.9,13.4,4974,52.285,5880,0.618,0.5,0.1,53.123,0,-10.371,-0.002,1.1822926
16:25:32,CO2 60m 6C_ramp 1.4 mL Flow Alkane_Samples,26,VD-03,sample,,3.5,C25 Alkane,6,1677.0,10.2,6312,17.523,7250,0.203,65.4,75.6,17.798,0,-33.091,-21.992,1.1562932
16:25:32,CO2 60m 6C_ramp 1.4 mL Flow Alkane_Samples,26,VD-03,sample,,3.5,C27 Alkane,7,1828.5,9.6,4456,12.512,5134,0.145,109.5,126.3,12.709,0,-32.862,-21.773,1.1565526
16:25:32,CO2 60m 6C_ramp 1.4 mL Flow Alkane_Samples,26,VD-03,sample,,3.5,,8,1913.4,11.1,931,2.917,1081,0.034,165.4,190.7,2.963,0,-29.354,-18.470,1.1604578
16:25:32,CO2 60m 6C_ramp 1.4 mL Flow Alkane_Samples,26,VD-03,sample,,3.5,C29 Alkane,9,1969.2,7.9,1396,4.026,1607,0.046,184.5,212.3,4.090,0,-34.840,-23.635,1.1543506
16:25:32,CO2 60m 6C_ramp 1.4 mL Flow Alkane_Samples,26,VD-03,sample,,3.5,C31 Alkane,10,2104.8,11.9,8128,26.874,9335,0.310,271.0,311.2,27.296,0,-34.771,-23.561,1.1544385
16:25:32,CO2 60m 6C_ramp 1.4 mL Flow Alkane_Samples,26,VD-03,sample,,3.5,C33 Alkane,11,2254.3,11.1,3694,13.516,4252,0.156,296.4,340.1,13.728,0,-32.532,-21.455,1.1569281
16:25:32,CO2 60m 6C_ramp 1.4 mL Flow Alkane_Samples,26,VD-03,sample,,3.5,,12,2585.5,11.3,608,3.045,704,0.035,282.2,323.5,3.093,0,-29.531,-18.599,1.1603054
17:26:49,CO2 60m 6C_ramp 1.4 mL Flow Alkane_Samples,27,VD-03,sample,,3.5,Ref 1,1,39.7,13.2,4965,52.196,5870,0.617,0.5,0.1,53.033,0,-10.293,0.076,1.1823993
17:26:49,CO2 60m 6C_ramp 1.4 mL Flow Alkane_Samples,27,VD-03,sample,,3.5,Ref 2,2,81.5,13.2,4965,52.050,5869,0.615,0.5,0.0,52.885,0,-10.327,0.042,1.1823588
17:26:49,CO2 60m 6C_ramp 1.4 mL Flow Alkane_Samples,27,VD-03,sample,,3.5,Ref 3,3,123.3,13.2,4965,52.120,5870,0.616,0.5,0.0,52.956,1,-10.370,0.000,1.1823089
17:26:49,CO2 60m 6C_ramp 1.4 mL Flow Alkane_Samples,27,VD-03,sample,,3.5,Ref 4,4,165.1,13.4,4968,52.265,5873,0.618,0.5,0.1,53.103,0,-10.399,-0.027,1.1822770
17:26:49,CO2 60m 6C_ramp 1.4 mL Flow Alkane_Samples,27,VD-03,sample,,3.5,Ref 5,5,206.9,13.4,4966,52.124,5871,0.616,0.5,0.1,52.959,0,-10.417,-0.045,1.1822556
17:26:49,CO2 60m 6C_ramp 1.4 mL Flow Alkane_Samples,27,VD-03,sample,,3.5,C25 Alkane,6,1676.6,10.4,6371,17.898,7333,0.207,62.9,72.8,18.179,0,-33.067,-21.957,1.1563487
17:26:49,CO2 60m 6C_ramp 1.4 mL Flow Alkane_Samples,27,VD-03,sample,,3.5,C27 Alkane,7,1828.3,9.6,4598,12.879,5287,0.149,107.8,124.3,13.081,0,-32.992,-21.887,1.1564315
17:26:49,CO2 60m 6C_ramp 1.4 mL Flow Alkane_Samples,27,VD-03,sample,,3.5,,8,1913.2,11.1,909,2.868,1054,0.033,165.9,191.2,2.913,0,-29.546,-18.647,1.1602619
17:26:49,CO2 60m 6C_ramp 1.4 mL Flow Alkane_Samples,27,VD-03,sample,,3.5,C29 Alkane,9,1968.8,8.2,1460,4.191,1681,0.048,180.7,208.0,4.256,0,-34.985,-23.762,1.1542152
17:26:49,CO2 60m 6C_ramp 1.4 mL Flow Alkane_Samples,27,VD-03,sample,,3.5,C31 Alkane,10,2104.6,11.9,8347,27.786,9585,0.321,270.5,310.6,28.222,0,-34.837,-23.620,1.1543823
17:26:49,CO2 60m 6C_ramp 1.4 mL Flow Alkane_Samples,27,VD-03,sample,,3.5,C33 Alkane,11,2254.1,11.1,3917,14.036,4507,0.162,296.6,340.2,14.257,0,-32.596,-21.506,1.1568821
17:26:49,CO2 60m 6C_ramp 1.4 mL Flow Alkane_Samples,27,VD-03,sample,,3.5,,12,2585.5,11.3,626,3.153,724,0.037,284.6,326.3,3.202,0,-29.991,-19.049,1.1597874
18:28:10,CO2 60m 6C_ramp 1.4 mL Flow Alkane_Samples,28,VD-04,sample,,3.5,Ref 1,1,39.7,13.4,4971,52.294,5878,0.618,0.5,0.1,53.133,0,-10.287,0.080,1.1822974
18:28:10,CO2 60m 6C_ramp 1.4 mL Flow Alkane_Samples,28,VD-04,sample,,3.5,Ref 2,2,81.3,13.4,4970,52.198,5876,0.617,0.5,0.1,53.035,0,-10.336,0.034,1.1822420
18:28:10,CO2 60m 6C_ramp 1.4 mL Flow Alkane_Samples,28,VD-04,sample,,3.5,Ref 3,3,123.1,13.4,4968,52.178,5873,0.617,0.5,0.0,53.014,1,-10.370,0.000,1.1822023
18:28:10,CO2 60m 6C_ramp 1.4 mL Flow Alkane_Samples,28,VD-04,sample,,3.5,Ref 4,4,165.1,13.4,4972,52.271,5878,0.618,0.5,0.1,53.109,0,-10.373,-0.005,1.1821961
18:28:10,CO2 60m 6C_ramp 1.4 mL Flow Alkane_Samples,28,VD-04,sample,,3.5,Ref 5,5,206.9,13.4,4972,52.334,5879,0.619,0.5,0.1,53.173,0,-10.347,0.021,1.1822268
18:28:10,CO2 60m 6C_ramp 1.4 mL Flow Alkane_Samples,28,VD-04,sample,,3.5,C25 Alkane,6,1676.2,7.7,1708,4.632,1968,0.054,62.4,72.1,4.705,0,-33.622,-22.480,1.1556265
18:28:10,CO2 60m 6C_ramp 1.4 mL Flow Alkane_Samples,28,VD-04,sample,,3.5,C27 Alkane,7,1828.1,8.2,1841,5.114,2122,0.059,102.6,118.3,5.194,0,-33.897,-22.741,1.1553181
18:28:10,CO2 60m 6C_ramp 1.4 mL Flow Alkane_Samples,28,VD-04,sample,,3.5,C29 Alkane,8,1969.0,8.2,1605,4.634,1850,0.053,169.9,195.3,4.706,0,-35.599,-24.327,1.1534433
18:28:10,CO2 60m 6C_ramp 1.4 mL Flow Alkane_Samples,28,VD-04,sample,,3.5,C31 Alkane,9,2105.9,14.4,13532,50.186,15495,0.579,258.7,297.1,50.973,0,-34.871,-23.645,1.1542489
18:28:10,CO2 60m 6C_ramp 1.4 mL Flow Alkane_Samples,28,VD-04,sample,,3.5,,10,2174.9,7.7,649,2.068,749,0.024,290.9,333.9,2.100,0,-34.354,-23.161,1.1548214
18:28:10,CO2 60m 6C_ramp 1.4 mL Flow Alkane_Samples,28,VD-04,sample,,3.5,C33 Alkane,11,2256.4,15.3,9789,41.227,11184,0.477,286.4,328.6,41.874,0,-33.455,-22.315,1.1558219
18:28:10,CO2 60m 6C_ramp 1.4 mL Flow Alkane_Samples,28,VD-04,sample,,3.5,,12,2585.5,11.3,600,3.066,694,0.036,270.6,310.2,3.114,0,-29.755,-18.830,1.1599411
19:29:27,CO2 60m 6C_ramp 1.4 mL Flow Alkane_Samples,29,VD-04,sample,,3.5,Ref 1,1,39.5,13.4,4967,52.181,5872,0.617,0.5,0.1,53.018,0,-10.253,0.115,1.1822917
19:29:27,CO2 60m 6C_ramp 1.4 mL Flow Alkane_Samples,29,VD-04,sample,,3.5,Ref 2,2,81.5,13.4,4966,52.154,5870,0.617,0.5,0.0,52.990,0,-10.315,0.053,1.1822186
19:29:27,CO2 60m 6C_ramp 1.4 mL Flow Alkane_Samples,29,VD-04,sample,,3.5,Ref 3,3,123.3,13.4,4966,52.200,5871,0.617,0.5,0.0,53.036,1,-10.370,0.000,1.1821557
19:29:27,CO2 60m 6C_ramp 1.4 mL Flow Alkane_Samples,29,VD-04,sample,,3.5,Ref 4,4,165.1,13.4,4969,52.311,5873,0.618,0.5,0.0,53.149,0,-10.407,-0.035,1.1821143
19:29:27,CO2 60m 6C_ramp 1.4 mL Flow Alkane_Samples,29,VD-04,sample,,3.5,Ref 5,5,206.9,13.4,4967,52.154,5870,0.617,0.5,0.0,52.991,0,-10.403,-0.031,1.1821191
19:29:27,CO2 60m 6C_ramp 1.4 mL Flow Alkane_Samples,29,VD-04,sample,,3.5,C25 Alkane,6,1675.8,7.9,1700,4.664,1964,0.054,61.4,71.0,4.738,0,-33.713,-22.556,1.1554910
19:29:27,CO2 60m 6C_ramp 1.4 mL Flow Alkane_Samples,29,VD-04,sample,,3.5,C27 Alkane,7,1827.7,8.2,1838,5.086,2121,0.059,101.4,116.9,5.166,0,-33.922,-22.755,1.1552560
19:29:27,CO2 60m 6C_ramp 1.4 mL Flow Alkane_Samples,29,VD-04,sample,,3.5,C29 Alkane,8,1969.0,8.2,1602,4.603,1841,0.053,168.2,193.5,4.675,0,-35.742,-24.459,1.1532413
19:29:27,CO2 60m 6C_ramp 1.4 mL Flow Alkane_Samples,29,VD-04,sample,,3.5,C31 Alkane,9,2105.7,14.8,13394,50.081,15325,0.578,256.1,294.0,50.866,0,-34.904,-23.682,1.1541601
19:29:27,CO2 60m 6C_ramp 1.4 mL Flow Alkane_Samples,29,VD-04,sample,,3.5,,10,2174.6,7.7,642,2.055,741,0.024,287.6,330.1,2.088,0,-34.075,-22.895,1.1550904
19:29:27,CO2 60m 6C_ramp 1.4 mL Flow Alkane_Samples,29,VD-04,sample,,3.5,C33 Alkane,11,2255.9,15.0,9934,40.840,11365,0.472,284.0,325.8,41.481,0,-33.530,-22.390,1.1556878
19:29:27,CO2 60m 6C_ramp 1.4 mL Flow Alkane_Samples,29,VD-04,sample,,3.5,,12,2584.9,11.3,598,3.059,693,0.035,268.7,307.9,3.107,0,-29.937,-18.999,1.1596956
20:30:43,CO2 60m 6C_ramp 1.4 mL Flow Alkane_Samples,30,VD-06,sample,,3.5,Ref 1,1,39.7,13.4,4971,52.261,5877,0.618,0.5,0.1,53.099,0,-10.285,0.084,1.1822457
20:30:43,CO2 60m 6C_ramp 1.4 mL Flow Alkane_Samples,30,VD-06,sample,,3.5,Ref 2,2,81.5,13.4,4972,52.291,5877,0.618,0.4,0.1,53.129,0,-10.342,0.028,1.1821793
20:30:43,CO2 60m 6C_ramp 1.4 mL Flow Alkane_Samples,30,VD-06,sample,,3.5,Ref 3,3,123.3,13.4,4971,52.244,5876,0.618,0.4,0.0,53.082,1,-10.370,0.000,1.1821465
20:30:43,CO2 60m 6C_ramp 1.4 mL Flow Alkane_Samples,30,VD-06,sample,,3.5,Ref 4,4,165.1,13.4,4971,52.294,5877,0.618,0.5,0.0,53.133,0,-10.412,-0.041,1.1820984
20:30:43,CO2 60m 6C_ramp 1.4 mL Flow Alkane_Samples,30,VD-06,sample,,3.5,Ref 5,5,206.9,13.2,4972,52.030,5878,0.615,0.5,0.1,52.865,0,-10.388,-0.018,1.1821253
20:30:43,CO2 60m 6C_ramp 1.4 mL Flow Alkane_Samples,30,VD-06,sample,,3.5,C25 Alkane,6,1676.4,10.4,6929,19.831,7976,0.230,47.5,54.9,20.143,0,-31.743,-20.713,1.1576612
20:30:43,CO2 60m 6C_ramp 1.4 mL Flow Alkane_Samples,30,VD-06,sample,,3.5,C27 Alkane,7,1827.9,9.2,4158,11.622,4791,0.135,85.7,98.8,11.805,0,-31.588,-20.564,1.1578373
20:30:43,CO2 60m 6C_ramp 1.4 mL Flow Alkane_Samples,30,VD-06,sample,,3.5,C29 Alkane,8,1968.6,7.7,1271,3.622,1463,0.042,148.5,170.7,3.679,0,-34.539,-23.341,1.1545542
20:30:43,CO2 60m 6C_ramp 1.4 mL Flow Alkane_Samples,30,VD-06,sample,,3.5,C31 Alkane,9,2104.4,12.7,9528,32.315,10932,0.373,233.9,268.4,32.823,0,-34.003,-22.835,1.1551524
20:30:43,CO2 60m 6C_ramp 1.4 mL Flow Alkane_Samples,30,VD-06,sample,,3.5,C33 Alkane,10,2254.9,14.0,8080,32.495,9272,0.376,263.2,301.8,33.006,0,-31.953,-20.903,1.1574357
21:32:00,CO2 60m 6C_ramp 1.4 mL Flow Alkane_Samples,31,VD-06,sample,,3.5,Ref 1,1,39.7,13.2,4978,52.332,5883,0.619,0.5,0.1,53.171,0,-10.304,0.066,1.1821022
21:32:00,CO2 60m 6C_ramp 1.4 mL Flow Alkane_Samples,31,VD-06,sample,,3.5,Ref 2,2,81.5,13.2,4976,52.306,5882,0.618,0.5,0.0,53.144,0,-10.337,0.032,1.1820616
21:32:00,CO2 60m 6C_ramp 1.4 mL Flow Alkane_Samples,31,VD-06,sample,,3.5,Ref 3,3,123.3,13.2,4977,52.330,5883,0.619,0.5,0.0,53.169,1,-10.370,0.000,1.1820238
21:32:00,CO2 60m 6C_ramp 1.4 mL Flow Alkane_Samples,31,VD-06,sample,,3.5,Ref 4,4,165.1,13.2,4979,52.329,5885,0.619,0.5,-0.0,53.168,0,-10.363,0.005,1.1820298
21:32:00,CO2 60m 6C_ramp 1.4 mL Flow Alkane_Samples,31,VD-06,sample,,3.5,Ref 5,5,206.9,13.2,4977,52.297,5883,0.618,0.5,0.0,53.136,0,-10.370,-0.000,1.1820234
21:32:00,CO2 60m 6C_ramp 1.4 mL Flow Alkane_Samples,31,VD-06,sample,,3.5,C25 Alkane,6,1676.6,9.8,5811,16.289,6687,0.189,43.7,50.5,16.545,0,-31.737,-20.706,1.1575493
21:32:00,CO2 60m 6C_ramp 1.4 mL Flow Alkane_Samples,31,VD-06,sample,,3.5,C27 Alkane,7,1828.1,9.2,3411,9.613,3936,0.111,79.5,91.6,9.764,0,-31.601,-20.571,1.1577090
21:32:00,CO2 60m 6C_ramp 1.4 mL Flow Alkane_Samples,31,VD-06,sample,,3.5,C29 Alkane,8,1968.8,7.7,1038,3.005,1197,0.035,141.5,162.5,3.052,0,-34.410,-23.207,1.1545923
21:32:00,CO2 60m 6C_ramp 1.4 mL Flow Alkane_Samples,31,VD-06,sample,,3.5,C31 Alkane,9,2104.4,12.1,8086,26.652,9276,0.308,227.5,260.9,27.070,0,-33.940,-22.772,1.1551071
21:32:00,CO2 60m 6C_ramp 1.4 mL Flow Alkane_Samples,31,VD-06,sample,,3.5,C33 Alkane,10,2254.7,13.2,6900,26.651,7931,0.308,256.9,294.5,27.070,0,-31.868,-20.819,1.1574147
22:22:49,CO2 60m 6C_ramp 1.4 mL Flow Standards,32,ACAL2,standard_control_drift,,3.5,Ref 1,1,39.7,13.4,4980,52.403,5882,0.619,0.5,0.1,53.243,0,-10.343,0.025,1.1812914
22:22:49,CO2 60m 6C_ramp 1.4 mL Flow Standards,32,ACAL2,standard_control_drift,,3.5,Ref 2,2,81.5,13.4,4978,52.293,5880,0.618,0.5,0.0,53.131,0,-10.365,0.006,1.1812680
22:22:49,CO2 60m 6C_ramp 1.4 mL Flow Standards,32,ACAL2,standard_control_drift,,3.5,Ref 3,3,123.3,13.4,4981,52.368,5884,0.619,0.4,-0.0,53.206,1,-10.370,0.000,1.1812613
22:22:49,CO2 60m 6C_ramp 1.4 mL Flow Standards,32,ACAL2,standard_control_drift,,3.5,Ref 4,4,165.1,13.4,4985,52.435,5889,0.619,0.5,0.0,53.275,0,-10.432,-0.060,1.1811902
22:22:49,CO2 60m 6C_ramp 1.4 mL Flow Standards,32,ACAL2,standard_control_drift,,3.5,Ref 5,5,206.9,13.4,4984,52.470,5887,0.620,0.5,0.0,53.310,0,-10.403,-0.031,1.1812246
22:22:49,CO2 60m 6C_ramp 1.4 mL Flow Standards,32,ACAL2,standard_control_drift,,3.5,C23 Alkane,6,1519.4,9.4,5575,14.762,6422,0.171,23.1,26.8,14.994,0,-32.198,-21.118,1.1563153
22:22:49,CO2 60m 6C_ramp 1.4 mL Flow Standards,32,ACAL2,standard_control_drift,,3.5,C20 FAME,7,1542.4,9.4,4480,11.903,5265,0.141,43.7,50.5,12.093,0,-9.454,0.302,1.1816177
22:22:49,CO2 60m 6C_ramp 1.4 mL Flow Standards,32,ACAL2,standard_control_drift,,3.5,C25 Alkane,8,1680.6,9.8,5781,15.998,6673,0.186,47.8,55.2,16.250,0,-27.454,-16.650,1.1615930
22:22:49,CO2 60m 6C_ramp 1.4 mL Flow Standards,32,ACAL2,standard_control_drift,,3.5,C27 Alkane,9,1830.4,10.2,5904,16.857,6801,0.195,86.8,100.0,17.122,0,-29.556,-18.633,1.1592514
22:22:49,CO2 60m 6C_ramp 1.4 mL Flow Standards,32,ACAL2,standard_control_drift,,3.5,C29 Alkane,10,1970.2,10.2,6217,18.231,7169,0.211,158.3,182.1,18.518,0,-30.984,-19.974,1.1576673
22:22:49,CO2 60m 6C_ramp 1.4 mL Flow Standards,32,ACAL2,standard_control_drift,,3.5,C31 Alkane,11,2104.0,11.1,5880,18.605,6796,0.216,249.3,286.0,18.898,0,-28.519,-17.657,1.1604040
22:22:49,CO2 60m 6C_ramp 1.4 mL Flow Standards,32,ACAL2,standard_control_drift,,3.5,C30 FAME,12,2283.7,11.5,4023,14.831,4654,0.173,261.0,299.1,15.065,0,-25.547,-14.844,1.1637271
23:13:38,CO2 60m 6C_ramp 1.4 mL Flow Standards,33,ACAL2,standard_control_drift,,3.5,Ref 1,1,39.7,13.4,4989,52.565,5898,0.621,0.5,0.2,53.408,0,-10.321,0.049,1.1822214
23:13:38,CO2 60m 6C_ramp 1.4 mL Flow Standards,33,ACAL2,standard_control_drift,,3.5,Ref 2,2,81.5,13.4,4988,52.453,5897,0.620,0.5,0.0,53.294,0,-10.328,0.041,1.1822128
23:13:38,CO2 60m 6C_ramp 1.4 mL Flow Standards,33,ACAL2,standard_control_drift,,3.5,Ref 3,3,123.3,13.4,4989,52.483,5897,0.620,0.4,0.0,53.324,1,-10.370,0.000,1.1821640
23:13:38,CO2 60m 6C_ramp 1.4 mL Flow Standards,33,ACAL2,standard_control_drift,,3.5,Ref 4,4,165.1,13.4,4989,52.427,5898,0.620,0.5,0.0,53.267,0,-10.378,-0.008,1.1821542
23:13:38,CO2 60m 6C_ramp 1.4 mL Flow Standards,33,ACAL2,standard_control_drift,,3.5,Ref 5,5,206.9,13.4,4987,52.419,5896,0.620,0.5,0.1,53.259,0,-10.348,0.021,1.1821887
23:13:38,CO2 60m 6C_ramp 1.4 mL Flow Standards,33,ACAL2,standard_control_drift,,3.5,C23 Alkane,6,1521.1,9.4,5746,15.304,6597,0.177,26.4,30.7,15.544,0,-32.412,-21.332,1.1569461
23:13:38,CO2 60m 6C_ramp 1.4 mL Flow Standards,33,ACAL2,standard_control_drift,,3.5,C20 FAME,7,1543.9,9.2,4623,12.186,5427,0.144,47.1,54.4,12.381,0,-9.544,0.209,1.1824113
23:13:38,CO2 60m 6C_ramp 1.4 mL Flow Standards,33,ACAL2,standard_control_drift,,3.5,C25 Alkane,8,1681.8,10.0,5856,16.325,6774,0.190,53.7,62.1,16.582,0,-27.602,-16.801,1.1623028
23:13:38,CO2 60m 6C_ramp 1.4 mL Flow Standards,33,ACAL2,standard_control_drift,,3.5,C27 Alkane,9,1831.7,10.0,5918,16.981,6828,0.197,94.6,109.2,17.248,0,-29.570,-18.655,1.1601102
23:13:38,CO2 60m 6C_ramp 1.4 mL Flow Standards,33,ACAL2,standard_control_drift,,3.5,C29 Alkane,10,1971.7,10.9,6241,18.443,7204,0.214,169.4,194.8,18.733,0,-30.995,-19.997,1.1585247
23:13:38,CO2 60m 6C_ramp 1.4 mL Flow Standards,33,ACAL2,standard_control_drift,,3.5,C31 Alkane,11,2105.3,10.7,5921,18.727,6844,0.217,259.0,297.5,19.022,0,-28.644,-17.782,1.1611423
23:13:38,CO2 60m 6C_ramp 1.4 mL Flow Standards,33,ACAL2,standard_control_drift,,3.5,C30 FAME,12,2284.8,11.7,3998,14.999,4638,0.175,266.9,306.1,15.236,0,-25.551,-14.854,1.1646044
00:14:57,CO2 60m 6C_ramp 1.4 mL Flow Alkane_Samples,34,VD-07,sample,,3.5,Ref 1,1,39.5,13.4,4990,52.337,5900,0.619,0.6,0.2,53.176,0,-10.299,0.069,1.1822900
00:14:57,CO2 60m 6C_ramp 1.4 mL Flow Alkane_Samples,34,VD-07,sample,,3.5,Ref 2,2,81.5,13.4,4991,52.422,5900,0.620,0.5,0.0,53.263,0,-10.376,-0.005,1.1822020
00:14:57,CO2 60m 6C_ramp 1.4 mL Flow Alkane_Samples,34,VD-07,sample,,3.5,Ref 3,3,123.3,13.4,4989,52.443,5898,0.620,0.5,0.1,53.284,1,-10.370,0.000,1.1822082
00:14:57,CO2 60m 6C_ramp 1.4 mL Flow Alkane_Samples,34,VD-07,sample,,3.5,Ref 4,4,165.1,13.4,4992,52.482,5901,0.620,0.5,0.0,53.323,0,-10.413,-0.041,1.1821599
00:14:57,CO2 60m 6C_ramp 1.4 mL Flow Alkane_Samples,34,VD-07,sample,,3.5,Ref 5,5,206.9,13.4,4990,52.354,5899,0.619,0.5,0.1,53.194,0,-10.346,0.023,1.1822355
00:14:57,CO2 60m 6C_ramp 1.4 mL Flow Alkane_Samples,34,VD-07,sample,,3.5,C25 Alkane,6,1675.3,8.8,2649,7.318,3052,0.085,40.8,47.2,7.433,0,-33.131,-22.019,1.1561765
00:14:57,CO2 60m 6C_ramp 1.4 mL Flow Alkane_Samples,34,VD-07,sample,,3.5,C27 Alkane,7,1827.1,8.2,1473,4.262,1698,0.049,74.8,86.1,4.329,0,-33.225,-22.109,1.1560705
00:14:57,CO2 60m 6C_ramp 1.4 mL Flow Alkane_Samples,34,VD-07,sample,,3.5,C29 Alkane,8,1967.9,6.9,526,1.520,607,0.018,140.3,161.1,1.543,0,-34.899,-23.666,1.1542303
00:14:57,CO2 60m 6C_ramp 1.4 mL Flow Alkane_Samples,34,VD-07,sample,,3.5,C31 Alkane,9,2102.7,10.0,4097,12.754,4713,0.147,224.1,257.0,12.954,0,-34.672,-23.467,1.1544650
00:14:57,CO2 60m 6C_ramp 1.4 mL Flow Alkane_Samples,34,VD-07,sample,,3.5,C33 Alkane,10,2253.0,11.1,3893,13.861,4479,0.160,257.8,295.5,14.079,0,-32.998,-21.891,1.1563281
01:16:23,CO2 60m 6C_ramp 1.4 mL Flow Alkane_Samples,35,VD-07,sample,,3.5,Ref 1,1,39.7,13.4,4985,52.477,5890,0.620,0.5,0.1,53.318,0,-10.316,0.053,1.1814628
01:16:23,CO2 60m 6C_ramp 1.4 mL Flow Alkane_Samples,35,VD-07,sample,,3.5,Ref 2,2,81.5,13.4,4984,52.435,5889,0.619,0.5,0.0,53.275,0,-10.345,0.025,1.1814298
01:16:23,CO2 60m 6C_ramp 1.4 mL Flow Alkane_Samples,35,VD-07,sample,,3.5,Ref 3,3,123.3,13.4,4983,52.340,5887,0.618,0.5,0.0,53.178,1,-10.370,0.000,1.1814001
01:16:23,CO2 60m 6C_ramp 1.4 mL Flow Alkane_Samples,35,VD-07,sample,,3.5,Ref 4,4,165.1,13.4,4986,52.457,5889,0.620,0.5,0.0,53.297,0,-10.425,-0.053,1.1813371
01:16:23,CO2 60m 6C_ramp 1.4 mL Flow Alkane_Samples,35,VD-07,sample,,3.5,Ref 5,5,206.9,13.4,4986,52.353,5890,0.618,0.5,0.0,53.192,0,-10.387,-0.017,1.1813804
01:16:23,CO2 60m 6C_ramp 1.4 mL Flow Alkane_Samples,35,VD-07,sample,,3.5,C25 Alkane,6,1676.0,8.6,2599,7.267,2997,0.084,37.6,43.3,7.381,0,-33.334,-22.207,1.1551646
01:16:23,CO2 60m 6C_ramp 1.4 mL Flow Alkane_Samples,35,VD-07,sample,,3.5,C27 Alkane,7,1827.7,8.2,1496,4.247,1727,0.049,70.7,81.4,4.314,0,-33.329,-22.195,1.1551791
01:16:23,CO2 60m 6C_ramp 1.4 mL Flow Alkane_Samples,35,VD-07,sample,,3.5,C29 Alkane,8,1968.8,6.9,522,1.520,602,0.018,136.0,156.0,1.544,0,-34.938,-23.699,1.1534020
01:16:23,CO2 60m 6C_ramp 1.4 mL Flow Alkane_Samples,35,VD-07,sample,,3.5,C31 Alkane,9,2103.6,10.0,4125,12.781,4743,0.147,223.8,256.3,12.982,0,-34.545,-23.343,1.1538230
01:16:23,CO2 60m 6C_ramp 1.4 mL Flow Alkane_Samples,35,VD-07,sample,,3.5,C33 Alkane,10,2253.6,11.3,3824,13.905,4402,0.161,256.6,293.8,14.123,0,-33.032,-21.923,1.1555002
02:07:12,CO2 60m 6C_ramp 1.4 mL Flow Standards,36,C4,control,,3.5,Ref 1,1,39.5,13.4,4979,52.340,5886,0.619,0.5,0.1,53.179,0,-10.244,0.123,1.1823163
02:07:12,CO2 60m 6C_ramp 1.4 mL Flow Standards,36,C4,control,,3.5,Ref 2,2,81.5,13.4,4979,52.274,5886,0.618,0.5,0.1,53.112,0,-10.346,0.025,1.1822003
02:07:12,CO2 60m 6C_ramp 1.4 mL Flow Standards,36,C4,control,,3.5,Ref 3,3,123.3,13.4,4981,52.329,5888,0.619,0.5,0.0,53.168,1,-10.370,0.000,1.1821704
02:07:12,CO2 60m 6C_ramp 1.4 mL Flow Standards,36,C4,control,,3.5,Ref 4,4,165.1,13.4,4983,52.479,5890,0.620,0.5,0.0,53.320,0,-10.377,-0.007,1.1821620
02:07:12,CO2 60m 6C_ramp 1.4 mL Flow Standards,36,C4,control,,3.5,Ref 5,5,206.9,13.4,4980,52.376,5887,0.619,0.5,0.0,53.216,0,-10.380,-0.011,1.1821578
02:07:12,CO2 60m 6C_ramp 1.4 mL Flow Standards,36,C4,control,,3.5,C17 Alkane,6,967.5,8.2,3322,8.206,3844,0.095,13.0,15.5,8.335,0,-30.906,-19.902,1.1586432
02:07:12,CO2 60m 6C_ramp 1.4 mL Flow Standards,36,C4,control,,3.5,C19 Alkane,7,1161.6,8.6,3673,9.271,4250,0.107,13.7,16.1,9.417,0,-30.986,-19.974,1.1585580
02:07:12,CO2 60m 6C_ramp 1.4 mL Flow Standards,36,C4,control,,3.5,C21 Alkane,8,1347.4,9.2,3994,10.494,4613,0.122,16.2,18.9,10.659,0,-27.803,-16.983,1.1620936
02:07:12,CO2 60m 6C_ramp 1.4 mL Flow Standards,36,C4,control,,3.5,C23 Alkane,9,1520.7,9.4,4380,11.810,5035,0.137,23.6,27.4,11.995,0,-32.406,-21.316,1.1569714
02:07:12,CO2 60m 6C_ramp 1.4 mL Flow Standards,36,C4,control,,3.5,C25 Alkane,10,1681.6,10.5,4411,12.669,5099,0.147,42.0,48.5,12.869,0,-27.535,-16.730,1.1623932
02:58:02,CO2 60m 6C_ramp 1.4 mL Flow Standards,37,C4,control,,3.5,Ref 1,1,39.5,13.4,4981,52.261,5888,0.618,0.5,0.1,53.099,0,-10.314,0.055,1.1821742
02:58:02,CO2 60m 6C_ramp 1.4 mL Flow Standards,37,C4,control,,3.5,Ref 2,2,81.5,13.4,4983,52.405,5890,0.620,0.4,0.0,53.246,0,-10.335,0.033,1.1821481
02:58:02,CO2 60m 6C_ramp 1.4 mL Flow Standards,37,C4,control,,3.5,Ref 3,3,123.3,13.4,4984,52.360,5892,0.619,0.4,0.1,53.200,1,-10.370,0.000,1.1821088
02:58:02,CO2 60m 6C_ramp 1.4 mL Flow Standards,37,C4,control,,3.5,Ref 4,4,165.1,13.4,4983,52.513,5890,0.621,0.5,0.0,53.355,0,-10.376,-0.007,1.1821007
02:58:02,CO2 60m 6C_ramp 1.4 mL Flow Standards,37,C4,control,,3.5,Ref 5,5,206.9,13.4,4984,52.289,5891,0.618,0.5,0.1,53.128,0,-10.376,-0.007,1.1821006
02:58:02,CO2 60m 6C_ramp 1.4 mL Flow Standards,37,C4,control,,3.5,C17 Alkane,6,966.6,8.2,3380,8.271,3900,0.096,13.6,16.2,8.401,0,-30.894,-19.902,1.1585827
02:58:02,CO2 60m 6C_ramp 1.4 mL Flow Standards,37,C4,control,,3.5,C19 Alkane,7,1160.8,8.6,3697,9.328,4257,0.108,14.5,17.1,9.475,0,-30.930,-19.933,1.1585454
02:58:02,CO2 60m 6C_ramp 1.4 mL Flow Standards,37,C4,control,,3.5,C21 Alkane,8,1346.4,9.2,3994,10.495,4615,0.122,17.1,20.0,10.660,0,-27.843,-17.025,1.1619838
02:58:02,CO2 60m 6C_ramp 1.4 mL Flow Standards,37,C4,control,,3.5,C23 Alkane,9,1519.6,9.4,4460,11.795,5124,0.136,25.3,29.4,11.980,0,-32.305,-21.227,1.1570163
02:58:02,CO2 60m 6C_ramp 1.4 mL Flow Standards,37,C4,control,,3.5,C25 Alkane,10,1680.6,10.4,4368,12.635,5047,0.147,44.1,50.9,12.834,0,-27.625,-16.820,1.1622255
03:59:19,CO2 60m 6C_ramp 1.4 mL Flow Alkane_Samples,38,VD-08,sample,,3.5,Ref 1,1,39.7,13.4,4981,52.302,5888,0.618,0.5,0.1,53.140,0,-10.343,0.027,1.1821646
03:59:19,CO2 60m 6C_ramp 1.4 mL Flow Alkane_Samples,38,VD-08,sample,,3.5,Ref 2,2,81.5,13.4,4978,52.284,5884,0.618,0.5,0.0,53.122,0,-10.389,-0.017,1.1821118
03:59:19,CO2 60m 6C_ramp 1.4 mL Flow Alkane_Samples,38,VD-08,sample,,3.5,Ref 3,3,123.3,13.4,4980,52.315,5887,0.618,0.5,0.0,53.154,1,-10.370,0.000,1.1821323
03:59:19,CO2 60m 6C_ramp 1.4 mL Flow Alkane_Samples,38,VD-08,sample,,3.5,Ref 4,4,165.1,13.4,4981,52.498,5887,0.621,0.5,0.1,53.339,0,-10.437,-0.065,1.1820551
03:59:19,CO2 60m 6C_ramp 1.4 mL Flow Alkane_Samples,38,VD-08,sample,,3.5,Ref 5,5,206.9,13.4,4982,52.451,5889,0.620,0.5,0.0,53.291,0,-10.402,-0.031,1.1820953
03:59:19,CO2 60m 6C_ramp 1.4 mL Flow Alkane_Samples,38,VD-08,sample,,3.5,C25 Alkane,6,1675.6,8.6,2137,5.958,2470,0.069,45.6,52.7,6.051,0,-32.669,-21.591,1.1566084
03:59:19,CO2 60m 6C_ramp 1.4 mL Flow Alkane_Samples,38,VD-08,sample,,3.5,C27 Alkane,7,1827.3,8.2,1502,4.330,1737,0.050,81.3,93.7,4.398,0,-32.611,-21.528,1.1566838
03:59:19,CO2 60m 6C_ramp 1.4 mL Flow Alkane_Samples,38,VD-08,sample,,3.5,C29 Alkane,8,1968.4,7.1,572,1.667,659,0.019,148.0,170.1,1.693,0,-34.861,-23.650,1.1541745
03:59:19,CO2 60m 6C_ramp 1.4 mL Flow Alkane_Samples,38,VD-08,sample,,3.5,C31 Alkane,9,2103.4,10.7,5068,16.226,5825,0.187,232.3,266.5,16.480,0,-34.172,-22.998,1.1549457
03:59:19,CO2 60m 6C_ramp 1.4 mL Flow Alkane_Samples,38,VD-08,sample,,3.5,C33 Alkane,10,2253.6,11.9,5189,19.036,5971,0.220,262.9,301.3,19.335,0,-31.749,-20.713,1.1576469
05:00:36,CO2 60m 6C_ramp 1.4 mL Flow Alkane_Samples,39,VD-08,sample,,3.5,Ref 1,1,39.7,13.4,4974,52.225,5880,0.617,0.5,0.2,53.062,0,-10.258,0.109,1.1820965
05:00:36,CO2 60m 6C_ramp 1.4 mL Flow Alkane_Samples,39,VD-08,sample,,3.5,Ref 2,2,81.5,13.4,4976,52.303,5882,0.618,0.5,0.1,53.142,0,-10.328,0.042,1.1820164
05:00:36,CO2 60m 6C_ramp 1.4 mL Flow Alkane_Samples,39,VD-08,sample,,3.5,Ref 3,3,123.3,13.4,4977,52.229,5882,0.617,0.5,0.1,53.066,1,-10.370,0.000,1.1819673
05:00:36,CO2 60m 6C_ramp 1.4 mL Flow Alkane_Samples,39,VD-08,sample,,3.5,Ref 4,4,165.1,13.4,4979,52.356,5884,0.619,0.5,0.0,53.195,0,-10.386,-0.016,1.1819478
05:00:36,CO2 60m 6C_ramp 1.4 mL Flow Alkane_Samples,39,VD-08,sample,,3.5,Ref 5,5,206.9,13.4,4978,52.296,5884,0.618,0.5,0.1,53.135,0,-10.380,-0.010,1.1819556
05:00:36,CO2 60m 6C_ramp 1.4 mL Flow Alkane_Samples,39,VD-08,sample,,3.5,C25 Alkane,6,1675.8,8.4,2141,5.913,2468,0.068,45.5,52.5,6.005,0,-32.618,-21.530,1.1565197
05:00:36,CO2 60m 6C_ramp 1.4 mL Flow Alkane_Samples,39,VD-08,sample,,3.5,C27 Alkane,7,1827.7,7.9,1502,4.284,1737,0.050,82.1,94.5,4.352,0,-32.669,-21.582,1.1564582
05:00:36,CO2 60m 6C_ramp 1.4 mL Flow Alkane_Samples,39,VD-08,sample,,3.5,C29 Alkane,8,1968.4,7.1,565,1.661,652,0.019,147.2,169.1,1.687,0,-34.546,-23.342,1.1543784
05:00:36,CO2 60m 6C_ramp 1.4 mL Flow Alkane_Samples,39,VD-08,sample,,3.5,C31 Alkane,9,2103.4,10.4,5085,16.069,5844,0.186,236.1,270.8,16.321,0,-34.062,-22.885,1.1549179
05:00:36,CO2 60m 6C_ramp 1.4 mL Flow Alkane_Samples,39,VD-08,sample,,3.5,C33 Alkane,10,2253.6,12.1,5160,18.856,5931,0.218,265.7,304.5,19.153,0,-31.727,-20.685,1.1575182
05:51:25,CO2 60m 6C_ramp 1.4 mL Flow Standards,40,ACAL2,standard_control_drift,,3.5,Ref 1,1,39.7,13.4,4980,52.407,5887,0.619,0.5,0.2,53.248,0,-10.275,0.092,1.1820432
05:51:25,CO2 60m 6C_ramp 1.4 mL Flow Standards,40,ACAL2,standard_control_drift,,3.5,Ref 2,2,81.5,13.4,4978,52.371,5884,0.619,0.5,0.0,53.210,0,-10.322,0.047,1.1819898
05:51:25,CO2 60m 6C_ramp 1.4 mL Flow Standards,40,ACAL2,standard_control_drift,,3.5,Ref 3,3,123.3,13.4,4979,52.304,5885,0.618,0.5,0.0,53.142,1,-10.370,0.000,1.1819346
05:51:25,CO2 60m 6C_ramp 1.4 mL Flow Standards,40,ACAL2,standard_control_drift,,3.5,Ref 4,4,165.1,13.4,4980,52.369,5886,0.619,0.5,0.1,53.208,0,-10.388,-0.018,1.1819128
05:51:25,CO2 60m 6C_ramp 1.4 mL Flow Standards,40,ACAL2,standard_control_drift,,3.5,Ref 5,5,206.9,13.4,4980,52.339,5886,0.619,0.5,0.1,53.178,0,-10.379,-0.009,1.1819240
05:51:25,CO2 60m 6C_ramp 1.4 mL Flow Standards,40,ACAL2,standard_control_drift,,3.5,C23 Alkane,6,1520.3,9.4,5634,15.021,6480,0.174,23.8,27.7,15.257,0,-32.202,-21.122,1.1569692
05:51:25,CO2 60m 6C_ramp 1.4 mL Flow Standards,40,ACAL2,standard_control_drift,,3.5,C20 FAME,7,1543.0,9.2,4460,12.010,5260,0.142,44.2,51.1,12.202,0,-9.430,0.329,1.1823240
05:51:25,CO2 60m 6C_ramp 1.4 mL Flow Standards,40,ACAL2,standard_control_drift,,3.5,C25 Alkane,8,1681.2,10.0,5840,16.162,6757,0.188,49.1,56.7,16.417,0,-27.557,-16.746,1.1621424
05:51:25,CO2 60m 6C_ramp 1.4 mL Flow Standards,40,ACAL2,standard_control_drift,,3.5,C27 Alkane,9,1831.0,10.2,5963,16.989,6876,0.197,89.6,103.3,17.256,0,-29.524,-18.604,1.1599459
05:51:25,CO2 60m 6C_ramp 1.4 mL Flow Standards,40,ACAL2,standard_control_drift,,3.5,C29 Alkane,10,1970.9,10.7,6200,18.474,7153,0.214,164.1,188.7,18.765,0,-30.970,-19.966,1.1583357
05:51:25,CO2 60m 6C_ramp 1.4 mL Flow Standards,40,ACAL2,standard_control_drift,,3.5,C31 Alkane,11,2104.6,11.1,5918,18.762,6839,0.218,255.4,293.1,19.057,0,-28.673,-17.802,1.1608934
05:51:25,CO2 60m 6C_ramp 1.4 mL Flow Standards,40,ACAL2,standard_control_drift,,3.5,C30 FAME,12,2284.2,11.7,4019,14.913,4655,0.174,270.0,309.5,15.149,0,-25.530,-14.825,1.1644120
06:42:14,CO2 60m 6C_ramp 1.4 mL Flow Standards,41,ACAL2,standard_control_drift,,3.5,Ref 1,1,39.5,13.4,4993,52.413,5897,0.619,0.5,0.1,53.252,0,-10.311,0.059,1.1810669
06:42:14,CO2 60m 6C_ramp 1.4 mL Flow Standards,41,ACAL2,standard_control_drift,,3.5,Ref 2,2,81.3,13.4,4991,52.467,5895,0.620,0.5,0.0,53.307,0,-10.347,0.023,1.1810237
06:42:14,CO2 60m 6C_ramp 1.4 mL Flow Standards,41,ACAL2,standard_control_drift,,3.5,Ref 3,3,123.1,13.4,4992,52.342,5895,0.618,0.5,0.0,53.181,1,-10.370,0.000,1.1809968
06:42:14,CO2 60m 6C_ramp 1.4 mL Flow Standards,41,ACAL2,standard_control_drift,,3.5,Ref 4,4,165.1,13.4,4993,52.595,5897,0.621,0.5,0.1,53.437,0,-10.428,-0.055,1.1809313
06:42:14,CO2 60m 6C_ramp 1.4 mL Flow Standards,41,ACAL2,standard_control_drift,,3.5,Ref 5,5,206.9,13.4,4988,52.380,5891,0.619,0.5,0.1,53.219,0,-10.375,-0.005,1.1809913
06:42:14,CO2 60m 6C_ramp 1.4 mL Flow Standards,41,ACAL2,standard_control_drift,,3.5,C23 Alkane,6,1520.5,9.4,5240,13.939,6008,0.161,25.8,29.8,14.158,0,-32.382,-21.300,1.1558417
06:42:14,CO2 60m 6C_ramp 1.4 mL Flow Standards,41,ACAL2,standard_control_drift,,3.5,C20 FAME,7,1543.3,9.4,4168,11.142,4902,0.132,46.2,53.5,11.320,0,-9.639,0.124,1.1811431
06:42:14,CO2 60m 6C_ramp 1.4 mL Flow Standards,41,ACAL2,standard_control_drift,,3.5,C25 Alkane,8,1681.4,9.6,5413,14.853,6244,0.172,51.7,59.7,15.087,0,-27.519,-16.722,1.1612487
06:42:14,CO2 60m 6C_ramp 1.4 mL Flow Standards,41,ACAL2,standard_control_drift,,3.5,C27 Alkane,9,1831.0,9.8,5477,15.516,6318,0.180,91.5,105.4,15.760,0,-29.483,-18.568,1.1590677
06:42:14,CO2 60m 6C_ramp 1.4 mL Flow Standards,41,ACAL2,standard_control_drift,,3.5,C29 Alkane,10,1971.1,10.5,5694,16.759,6552,0.194,167.6,192.5,17.022,0,-30.971,-19.972,1.1574095
06:42:14,CO2 60m 6C_ramp 1.4 mL Flow Standards,41,ACAL2,standard_control_drift,,3.5,C31 Alkane,11,2104.8,10.7,5376,17.035,6201,0.198,256.5,294.3,17.303,0,-28.646,-17.783,1.1599951
06:42:14,CO2 60m 6C_ramp 1.4 mL Flow Standards,41,ACAL2,standard_control_drift,,3.5,C30 FAME,12,2284.4,11.5,3528,13.465,4080,0.157,271.0,310.4,13.677,0,-25.567,-14.862,1.1634444
07:43:32,CO2 60m 6C_ramp 1.4 mL Flow Alkane_Samples,42,VD-09,sample,,3.5,Ref 1,1,39.5,13.4,4990,52.365,5898,0.619,0.6,0.1,53.204,0,-10.321,0.049,1.1820579
07:43:32,CO2 60m 6C_ramp 1.4 mL Flow Alkane_Samples,42,VD-09,sample,,3.5,Ref 2,2,81.3,13.4,4988,52.416,5896,0.620,0.5,0.1,53.257,0,-10.354,0.015,1.1820174
07:43:32,CO2 60m 6C_ramp 1.4 mL Flow Alkane_Samples,42,VD-09,sample,,3.5,Ref 3,3,123.3,13.4,4991,52.608,5899,0.622,0.5,0.0,53.451,1,-10.370,0.000,1.1820000
07:43:32,CO2 60m 6C_ramp 1.4 mL Flow Alkane_Samples,42,VD-09,sample,,3.5,Ref 4,4,165.1,13.4,4989,52.567,5897,0.621,0.5,0.0,53.410,0,-10.388,-0.017,1.1819793
07:43:32,CO2 60m 6C_ramp 1.4 mL Flow Alkane_Samples,42,VD-09,sample,,3.5,Ref 5,5,206.9,13.4,4986,52.311,5893,0.618,0.5,0.1,53.149,0,-10.397,-0.027,1.1819681
07:43:32,CO2 60m 6C_ramp 1.4 mL Flow Alkane_Samples,42,VD-09,sample,,3.5,C25 Alkane,6,1675.8,8.6,2449,6.791,2824,0.079,41.3,47.6,6.897,0,-32.889,-21.795,1.1562378
07:43:32,CO2 60m 6C_ramp 1.4 mL Flow Alkane_Samples,42,VD-09,sample,,3.5,C27 Alkane,7,1827.5,8.2,1622,4.633,1873,0.054,75.4,86.7,4.705,0,-32.950,-21.847,1.1561766
07:43:32,CO2 60m 6C_ramp 1.4 mL Flow Alkane_Samples,42,VD-09,sample,,3.5,C29 Alkane,8,1968.6,7.1,515,1.522,593,0.018,141.1,161.9,1.546,0,-35.463,-24.197,1.1533996
07:43:32,CO2 60m 6C_ramp 1.4 mL Flow Alkane_Samples,42,VD-09,sample,,3.5,C31 Alkane,9,2103.2,9.8,3463,10.737,3981,0.124,225.6,258.6,10.905,0,-35.098,-23.870,1.1537857
07:43:32,CO2 60m 6C_ramp 1.4 mL Flow Alkane_Samples,42,VD-09,sample,,3.5,C33 Alkane,10,2252.8,10.7,2657,9.450,3067,0.109,258.6,296.1,9.599,0,-32.374,-21.299,1.1568247
08:44:49,CO2 60m 6C_ramp 1.4 mL Flow Alkane_Samples,43,VD-09,sample,,3.5,Ref 1,1,39.5,13.4,4982,52.397,5889,0.619,0.5,0.1,53.237,0,-10.288,0.080,1.1821261
08:44:49,CO2 60m 6C_ramp 1.4 mL Flow Alkane_Samples,43,VD-09,sample,,3.5,Ref 2,2,81.5,13.4,4980,52.390,5887,0.619,0.5,0.1,53.230,0,-10.357,0.012,1.1820456
08:44:49,CO2 60m 6C_ramp 1.4 mL Flow Alkane_Samples,43,VD-09,sample,,3.5,Ref 3,3,123.3,13.4,4983,52.362,5891,0.619,0.5,0.0,53.201,1,-10.370,0.000,1.1820312
08:44:49,CO2 60m 6C_ramp 1.4 mL Flow Alkane_Samples,43,VD-09,sample,,3.5,Ref 4,4,165.1,13.4,4982,52.507,5889,0.621,0.5,0.0,53.349,0,-10.397,-0.026,1.1820010
08:44:49,CO2 60m 6C_ramp 1.4 mL Flow Alkane_Samples,43,VD-09,sample,,3.5,Ref 5,5,206.9,13.4,4984,52.480,5891,0.620,0.5,0.1,53.321,0,-10.357,0.011,1.1820444
08:44:49,CO2 60m 6C_ramp 1.4 mL Flow Alkane_Samples,43,VD-09,sample,,3.5,C25 Alkane,6,1675.6,8.8,2906,8.056,3348,0.093,40.4,46.6,8.183,0,-32.825,-21.721,1.1563564
08:44:49,CO2 60m 6C_ramp 1.4 mL Flow Alkane_Samples,43,VD-09,sample,,3.5,C27 Alkane,7,1827.3,8.2,1940,5.544,2240,0.064,74.9,86.1,5.631,0,-32.728,-21.629,1.1564653
08:44:49,CO2 60m 6C_ramp 1.4 mL Flow Alkane_Samples,43,VD-09,sample,,3.5,C29 Alkane,8,1968.2,7.3,625,1.838,721,0.021,140.5,161.2,1.867,0,-35.595,-24.321,1.1532827
08:44:49,CO2 60m 6C_ramp 1.4 mL Flow Alkane_Samples,43,VD-09,sample,,3.5,C31 Alkane,9,2103.0,10.0,4202,13.020,4831,0.150,231.5,265.3,13.224,0,-34.981,-23.755,1.1539516
08:44:49,CO2 60m 6C_ramp 1.4 mL Flow Alkane_Samples,43,VD-09,sample,,3.5,C33 Alkane,10,2252.8,10.7,3147,11.486,3630,0.133,264.0,302.3,11.667,0,-32.347,-21.257,1.1569044
09:46:06,CO2 60m 6C_ramp 1.4 mL Flow Alkane_Samples,44,VD-10,sample,,3.5,Ref 1,1,39.5,13.4,4975,52.320,5881,0.619,0.5,0.2,53.159,0,-10.293,0.075,1.1822745
09:46:06,CO2 60m 6C_ramp 1.4 mL Flow Alkane_Samples,44,VD-10,sample,,3.5,Ref 2,2,81.3,13.4,4973,52.194,5879,0.617,0.5,0.1,53.030,0,-10.374,-0.004,1.1821800
09:46:06,CO2 60m 6C_ramp 1.4 mL Flow Alkane_Samples,44,VD-10,sample,,3.5,Ref 3,3,123.1,13.4,4975,52.336,5882,0.619,0.5,0.0,53.175,1,-10.370,0.000,1.1821853
09:46:06,CO2 60m 6C_ramp 1.4 mL Flow Alkane_Samples,44,VD-10,sample,,3.5,Ref 4,4,165.1,13.4,4977,52.516,5883,0.621,0.5,0.0,53.358,0,-10.364,0.005,1.1821909
09:46:06,CO2 60m 6C_ramp 1.4 mL Flow Alkane_Samples,44,VD-10,sample,,3.5,Ref 5,5,206.7,13.4,4975,52.279,5882,0.618,0.5,0.1,53.117,0,-10.337,0.032,1.1822225
09:46:06,CO2 60m 6C_ramp 1.4 mL Flow Alkane_Samples,44,VD-10,sample,,3.5,C25 Alkane,6,1676.0,7.5,845,2.455,975,0.028,40.2,46.4,2.494,0,-33.932,-22.767,1.1552702
09:46:06,CO2 60m 6C_ramp 1.4 mL Flow Alkane_Samples,44,VD-10,sample,,3.5,C27 Alkane,7,1827.7,7.5,880,2.506,1016,0.029,75.3,86.6,2.546,0,-34.023,-22.836,1.1551883
09:46:06,CO2 60m 6C_ramp 1.4 mL Flow Alkane_Samples,44,VD-10,sample,,3.5,C29 Alkane,8,1968.8,7.5,852,2.475,981,0.029,142.5,163.7,2.514,0,-35.776,-24.500,1.1532215
09:46:06,CO2 60m 6C_ramp 1.4 mL Flow Alkane_Samples,44,VD-10,sample,,3.5,C31 Alkane,9,2103.8,11.1,6511,20.578,7482,0.237,238.0,272.9,20.900,0,-35.185,-23.937,1.1538869
09:46:06,CO2 60m 6C_ramp 1.4 mL Flow Alkane_Samples,44,VD-10,sample,,3.5,C33 Alkane,10,2253.6,11.5,4312,15.706,4961,0.182,271.8,311.4,15.953,0,-33.275,-22.140,1.1560117
10:47:24,CO2 60m 6C_ramp 1.4 mL Flow Alkane_Samples,45,VD-10,sample,,3.5,Ref 1,1,39.5,13.4,4970,52.238,5872,0.617,0.5,0.1,53.075,0,-10.271,0.096,1.1815207
10:47:24,CO2 60m 6C_ramp 1.4 mL Flow Alkane_Samples,45,VD-10,sample,,3.5,Ref 2,2,81.5,13.4,4968,52.307,5870,0.618,0.5,0.0,53.145,0,-10.331,0.038,1.1814515
10:47:24,CO2 60m 6C_ramp 1.4 mL Flow Alkane_Samples,45,VD-10,sample,,3.5,Ref 3,3,123.1,13.4,4969,52.205,5870,0.617,0.5,0.0,53.041,1,-10.370,0.000,1.1814067
10:47:24,CO2 60m 6C_ramp 1.4 mL Flow Alkane_Samples,45,VD-10,sample,,3.5,Ref 4,4,165.1,13.4,4971,52.312,5872,0.618,0.5,0.1,53.150,0,-10.385,-0.015,1.1813885
10:47:24,CO2 60m 6C_ramp 1.4 mL Flow Alkane_Samples,45,VD-10,sample,,3.5,Ref 5,5,206.9,13.4,4971,52.281,5872,0.618,0.5,0.1,53.119,0,-10.375,-0.006,1.1814000
10:47:24,CO2 60m 6C_ramp 1.4 mL Flow Alkane_Samples,45,VD-10,sample,,3.5,C25 Alkane,6,1675.8,7.3,767,2.226,885,0.026,39.6,45.7,2.261,0,-34.138,-22.949,1.1542942
10:47:24,CO2 60m 6C_ramp 1.4 mL Flow Alkane_Samples,45,VD-10,sample,,3.5,C27 Alkane,7,1827.5,7.5,790,2.304,910,0.027,73.6,84.5,2.340,0,-34.075,-22.881,1.1543754
10:47:24,CO2 60m 6C_ramp 1.4 mL Flow Alkane_Samples,45,VD-10,sample,,3.5,C29 Alkane,8,1968.4,7.3,784,2.266,903,0.026,142.2,163.1,2.301,0,-35.415,-24.165,1.1528585
10:47:24,CO2 60m 6C_ramp 1.4 mL Flow Alkane_Samples,45,VD-10,sample,,3.5,C31 Alkane,9,2103.4,11.3,6016,18.912,6908,0.218,235.7,269.9,19.208,0,-35.212,-23.965,1.1530947
10:47:24,CO2 60m 6C_ramp 1.4 mL Flow Alkane_Samples,45,VD-10,sample,,3.5,C33 Alkane,10,2253.2,11.1,3943,14.364,4535,0.166,272.4,311.8,14.589,0,-33.257,-22.123,1.1552700
11:48:41,CO2 60m 6C_ramp 1.4 mL Flow Alkane_Samples,46,VD-11,sample,,3.5,Ref 1,1,39.5,13.4,4970,52.227,5868,0.617,0.5,0.1,53.063,0,-10.300,0.069,1.1805966
11:48:41,CO2 60m 6C_ramp 1.4 mL Flow Alkane_Samples,46,VD-11,sample,,3.5,Ref 2,2,81.3,13.4,4973,52.172,5870,0.616,0.5,0.0,53.007,0,-10.369,0.001,1.1805161
11:48:41,CO2 60m 6C_ramp 1.4 mL Flow Alkane_Samples,46,VD-11,sample,,3.5,Ref 3,3,123.1,13.4,4973,52.220,5870,0.616,0.5,0.1,53.056,1,-10.370,0.000,1.1805149
11:48:41,CO2 60m 6C_ramp 1.4 mL Flow Alkane_Samples,46,VD-11,sample,,3.5,Ref 4,4,165.1,13.4,4974,52.482,5872,0.620,0.5,0.1,53.322,0,-10.392,-0.021,1.1804898
11:48:41,CO2 60m 6C_ramp 1.4 mL Flow Alkane_Samples,46,VD-11,sample,,3.5,Ref 5,5,206.7,13.4,4975,52.166,5873,0.616,0.5,0.0,53.001,0,-10.352,0.016,1.1805340
11:48:41,CO2 60m 6C_ramp 1.4 mL Flow Alkane_Samples,46,VD-11,sample,,3.5,C25 Alkane,6,1676.2,9.2,3458,9.625,3980,0.111,40.8,47.0,9.776,0,-33.190,-22.069,1.1544617
11:48:41,CO2 60m 6C_ramp 1.4 mL Flow Alkane_Samples,46,VD-11,sample,,3.5,C27 Alkane,7,1827.9,8.4,1877,5.351,2163,0.062,76.7,88.1,5.435,0,-33.166,-22.049,1.1544861
11:48:41,CO2 60m 6C_ramp 1.4 mL Flow Alkane_Samples,46,VD-11,sample,,3.5,C29 Alkane,8,1968.8,6.9,504,1.475,581,0.017,143.9,164.9,1.498,0,-35.113,-23.883,1.1523200
11:48:41,CO2 60m 6C_ramp 1.4 mL Flow Alkane_Samples,46,VD-11,sample,,3.5,C31 Alkane,9,2103.4,10.0,3885,11.981,4461,0.138,233.1,266.7,12.168,0,-34.750,-23.538,1.1527284
11:48:41,CO2 60m 6C_ramp 1.4 mL Flow Alkane_Samples,46,VD-11,sample,,3.5,C33 Alkane,10,2253.4,11.3,4032,14.485,4631,0.167,266.1,304.4,14.713,0,-33.451,-22.314,1.1541728
12:49:59,CO2 60m 6C_ramp 1.4 mL Flow Alkane_Samples,47,VD-11,sample,,3.5,Ref 1,1,39.5,13.4,4973,52.356,5875,0.619,0.5,0.2,53.195,0,-10.286,0.083,1.1815325
12:49:59,CO2 60m 6C_ramp 1.4 mL Flow Alkane_Samples,47,VD-11,sample,,3.5,Ref 2,2,81.3,13.4,4973,52.247,5875,0.617,0.5,0.0,53.085,0,-10.369,0.001,1.1814355
12:49:59,CO2 60m 6C_ramp 1.4 mL Flow Alkane_Samples,47,VD-11,sample,,3.5,Ref 3,3,123.1,13.4,4973,52.181,5875,0.616,0.5,0.0,53.017,1,-10.370,0.000,1.1814341
12:49:59,CO2 60m 6C_ramp 1.4 mL Flow Alkane_Samples,47,VD-11,sample,,3.5,Ref 4,4,165.1,13.4,4973,52.370,5875,0.619,0.5,0.0,53.209,0,-10.384,-0.014,1.1814179
12:49:59,CO2 60m 6C_ramp 1.4 mL Flow Alkane_Samples,47,VD-11,sample,,3.5,Ref 5,5,206.9,13.4,4973,52.324,5875,0.618,0.5,0.1,53.162,0,-10.422,-0.051,1.1813741
12:49:59,CO2 60m 6C_ramp 1.4 mL Flow Alkane_Samples,47,VD-11,sample,,3.5,C25 Alkane,6,1676.4,9.4,3795,10.613,4364,0.123,41.0,47.3,10.780,0,-33.163,-22.046,1.1553885
12:49:59,CO2 60m 6C_ramp 1.4 mL Flow Alkane_Samples,47,VD-11,sample,,3.5,C27 Alkane,7,1828.1,8.6,2039,5.932,2348,0.069,77.2,88.7,6.026,0,-33.061,-21.945,1.1555079
12:49:59,CO2 60m 6C_ramp 1.4 mL Flow Alkane_Samples,47,VD-11,sample,,3.5,C29 Alkane,8,1969.0,7.1,552,1.639,636,0.019,144.0,165.2,1.665,0,-34.721,-23.490,1.1536820
12:49:59,CO2 60m 6C_ramp 1.4 mL Flow Alkane_Samples,47,VD-11,sample,,3.5,C31 Alkane,9,2103.6,10.0,4339,13.292,4987,0.153,234.7,268.8,13.500,0,-34.655,-23.442,1.1537383
12:49:59,CO2 60m 6C_ramp 1.4 mL Flow Alkane_Samples,47,VD-11,sample,,3.5,C33 Alkane,10,2253.9,11.5,4512,16.205,5182,0.187,269.4,308.5,16.459,0,-33.324,-22.187,1.1552210
13:40:47,CO2 60m 6C_ramp 1.4 mL Flow Standards,48,ACAL2,standard_control_drift,,3.5,Ref 1,1,39.7,13.4,4970,52.227,5876,0.618,0.5,0.1,53.064,0,-10.299,0.071,1.1824002
13:40:47,CO2 60m 6C_ramp 1.4 mL Flow Standards,48,ACAL2,standard_control_drift,,3.5,Ref 2,2,81.5,13.4,4968,52.236,5874,0.618,0.5,0.1,53.073,0,-10.371,-0.001,1.1823154
13:40:47,CO2 60m 6C_ramp 1.4 mL Flow Standards,48,ACAL2,standard_control_drift,,3.5,Ref 3,3,123.3,13.4,4971,52.342,5878,0.619,0.5,0.0,53.181,1,-10.370,0.000,1.1823166
13:40:47,CO2 60m 6C_ramp 1.4 mL Flow Standards,48,ACAL2,standard_control_drift,,3.5,Ref 4,4,165.1,13.4,4973,52.257,5880,0.618,0.5,0.1,53.094,0,-10.409,-0.037,1.1822725
13:40:47,CO2 60m 6C_ramp 1.4 mL Flow Standards,48,ACAL2,standard_control_drift,,3.5,Ref 5,5,206.9,13.4,4971,52.229,5877,0.618,0.5,0.1,53.067,0,-10.396,-0.027,1.1822853
13:40:47,CO2 60m 6C_ramp 1.4 mL Flow Standards,48,ACAL2,standard_control_drift,,3.5,C23 Alkane,6,1519.8,9.4,5580,14.755,6408,0.171,24.8,28.8,14.987,0,-32.457,-21.363,1.1570591
13:40:47,CO2 60m 6C_ramp 1.4 mL Flow Standards,48,ACAL2,standard_control_drift,,3.5,C20 FAME,7,1542.6,9.4,4355,11.790,5135,0.139,45.3,52.5,11.979,0,-9.695,0.073,1.1824025
13:40:47,CO2 60m 6C_ramp 1.4 mL Flow Standards,48,ACAL2,standard_control_drift,,3.5,C25 Alkane,8,1680.8,10.0,5730,16.021,6615,0.186,52.2,60.4,16.273,0,-27.604,-16.798,1.1624565
13:40:47,CO2 60m 6C_ramp 1.4 mL Flow Standards,48,ACAL2,standard_control_drift,,3.5,C27 Alkane,9,1830.4,10.0,5864,16.852,6770,0.196,94.7,109.1,17.117,0,-29.630,-18.704,1.1602027
13:40:47,CO2 60m 6C_ramp 1.4 mL Flow Standards,48,ACAL2,standard_control_drift,,3.5,C29 Alkane,10,1970.2,10.4,6217,18.320,7178,0.212,173.1,199.0,18.608,0,-31.071,-20.060,1.1585992
13:40:47,CO2 60m 6C_ramp 1.4 mL Flow Standards,48,ACAL2,standard_control_drift,,3.5,C31 Alkane,11,2104.0,10.9,5925,18.644,6852,0.216,272.1,312.4,18.938,0,-28.705,-17.834,1.1612315
13:40:47,CO2 60m 6C_ramp 1.4 mL Flow Standards,48,ACAL2,standard_control_drift,,3.5,C30 FAME,12,2283.5,11.7,3892,14.553,4515,0.170,282.4,323.7,14.782,0,-25.521,-14.819,1.1647964
14:31:37,CO2 60m 6C_ramp 1.4 mL Flow Standards,49,ACAL2,standard_control_drift,,3.5,Ref 1,1,39.5,13.4,4969,52.316,5874,0.619,0.5,0.1,53.155,0,-10.337,0.033,1.1822766
14:31:37,CO2 60m 6C_ramp 1.4 mL Flow Standards,49,ACAL2,standard_control_drift,,3.5,Ref 2,2,81.3,13.4,4969,52.247,5874,0.618,0.5,0.1,53.085,0,-10.350,0.021,1.1822616
14:31:37,CO2 60m 6C_ramp 1.4 mL Flow Standards,49,ACAL2,standard_control_drift,,3.5,Ref 3,3,123.1,13.4,4967,52.230,5872,0.617,0.5,0.0,53.067,1,-10.370,0.000,1.1822370
14:31:37,CO2 60m 6C_ramp 1.4 mL Flow Standards,49,ACAL2,standard_control_drift,,3.5,Ref 4,4,164.9,13.4,4968,52.300,5873,0.618,0.5,0.1,53.138,0,-10.404,-0.033,1.1821976
14:31:37,CO2 60m 6C_ramp 1.4 mL Flow Standards,49,ACAL2,standard_control_drift,,3.5,Ref 5,5,206.9,13.4,4968,52.299,5873,0.618,0.5,0.1,53.138,0,-10.409,-0.039,1.1821908
14:31:37,CO2 60m 6C_ramp 1.4 mL Flow Standards,49,ACAL2,standard_control_drift,,3.5,C23 Alkane,6,1519.6,9.4,5303,14.167,6085,0.164,27.3,31.7,14.390,0,-32.346,-21.263,1.1570989
14:31:37,CO2 60m 6C_ramp 1.4 mL Flow Standards,49,ACAL2,standard_control_drift,,3.5,C20 FAME,7,1542.4,9.4,4170,11.220,4909,0.133,47.4,54.8,11.399,0,-9.566,0.197,1.1824701
14:31:37,CO2 60m 6C_ramp 1.4 mL Flow Standards,49,ACAL2,standard_control_drift,,3.5,C25 Alkane,8,1680.6,9.6,5463,15.024,6303,0.175,55.1,63.7,15.261,0,-27.648,-16.838,1.1623304
14:31:37,CO2 60m 6C_ramp 1.4 mL Flow Standards,49,ACAL2,standard_control_drift,,3.5,C27 Alkane,9,1830.2,9.8,5512,15.637,6364,0.181,97.8,112.6,15.883,0,-29.575,-18.654,1.1601833
14:31:37,CO2 60m 6C_ramp 1.4 mL Flow Standards,49,ACAL2,standard_control_drift,,3.5,C29 Alkane,10,1970.2,10.2,5721,16.921,6589,0.196,175.8,202.1,17.187,0,-31.001,-19.995,1.1585981
14:31:37,CO2 60m 6C_ramp 1.4 mL Flow Standards,49,ACAL2,standard_control_drift,,3.5,C31 Alkane,11,2103.8,11.1,5393,17.192,6238,0.200,273.6,314.1,17.463,0,-28.578,-17.718,1.1612897
14:31:37,CO2 60m 6C_ramp 1.4 mL Flow Standards,49,ACAL2,standard_control_drift,,3.5,C30 FAME,12,2283.3,11.5,3577,13.360,4146,0.156,286.3,328.2,13.571,0,-25.512,-14.808,1.1647299
